Step;name: no_q_coord - Train/train_success;name: no_q_coord - Train/train_success__MIN;name: no_q_coord - Train/train_success__MAX;name: no_coord_w - Train/train_success;name: no_coord_w - Train/train_success__MIN;name: no_coord_w - Train/train_success__MAX;name: inverse_mask - Train/train_success;name: inverse_mask - Train/train_success__MIN;name: inverse_mask - Train/train_success__MAX;name: true_mask - Train/train_success;name: true_mask - Train/train_success__MIN;name: true_mask - Train/train_success__MAX;name: eval - Train/train_success;name: eval - Train/train_success__MIN;name: eval - Train/train_success__MAX
10;1;1;1;0;0;0;0;0;0;1;1;1;0;0;0
20;0;0;0;0;0;0;1;1;1;1;1;1;0;0;0
30;1;1;1;0;0;0;0;0;0;2;2;2;0;0;0
40;1;1;1;0;0;0;0;0;0;1;1;1;1;1;1
51;0;0;0;0;0;0;1;1;1;0;0;0;0;0;0
61;0;0;0;0;0;0;1;1;1;3;3;3;0;0;0
71;0;0;0;1;1;1;1;1;1;1;1;1;1;1;1
81;0;0;0;0;0;0;0;0;0;2;2;2;1;1;1
91;0;0;0;0;0;0;2;2;2;0;0;0;1;1;1
102;0;0;0;2;2;2;0;0;0;0;0;0;0;0;0
112;0;0;0;0;0;0;0;0;0;0;0;0;0;0;0
122;0;0;0;1;1;1;0;0;0;1;1;1;1;1;1
132;0;0;0;1;1;1;1;1;1;1;1;1;1;1;1
142;2;2;2;0;0;0;0;0;0;1;1;1;0;0;0
153;1;1;1;0;0;0;1;1;1;0;0;0;0;0;0
163;0;0;0;1;1;1;1;1;1;1;1;1;0;0;0
173;0;0;0;0;0;0;0;0;0;0;0;0;0;0;0
183;0;0;0;0;0;0;0;0;0;1;1;1;0;0;0
193;0;0;0;0;0;0;0;0;0;0;0;0;0;0;0
204;0;0;0;0;0;0;0;0;0;0;0;0;1;1;1
214;1;1;1;0;0;0;1;1;1;1;1;1;0;0;0
224;2;2;2;0;0;0;1;1;1;0;0;0;3;3;3
234;0;0;0;0;0;0;0;0;0;0;0;0;1;1;1
244;0;0;0;1;1;1;2;2;2;2;2;2;0;0;0
255;1;1;1;1;1;1;0;0;0;0;0;0;0;0;0
265;1;1;1;1;1;1;1;1;1;1;1;1;0;0;0
275;0;0;0;0;0;0;0;0;0;2;2;2;2;2;2
285;2;2;2;1;1;1;0;0;0;0;0;0;0;0;0
295;1;1;1;0;0;0;1;1;1;1;1;1;1;1;1
306;1;1;1;1;1;1;0;0;0;1;1;1;1;1;1
316;0;0;0;0;0;0;0;0;0;2;2;2;1;1;1
326;0;0;0;0;0;0;1;1;1;0;0;0;2;2;2
336;1;1;1;1;1;1;0;0;0;1;1;1;0;0;0
346;1;1;1;0;0;0;0;0;0;3;3;3;0;0;0
357;2;2;2;1;1;1;0;0;0;1;1;1;0;0;0
367;2;2;2;0;0;0;1;1;1;1;1;1;3;3;3
377;0;0;0;1;1;1;2;2;2;0;0;0;3;3;3
387;0;0;0;0;0;0;0;0;0;2;2;2;1;1;1
397;0;0;0;1;1;1;1;1;1;1;1;1;0;0;0
408;0;0;0;0;0;0;2;2;2;1;1;1;0;0;0
418;0;0;0;1;1;1;1;1;1;0;0;0;0;0;0
428;0;0;0;1;1;1;2;2;2;0;0;0;1;1;1
438;1;1;1;2;2;2;1;1;1;1;1;1;1;1;1
448;3;3;3;3;3;3;3;3;3;2;2;2;3;3;3
458;0;0;0;1;1;1;0;0;0;3;3;3;1;1;1
468;1;1;1;1;1;1;0;0;0;2;2;2;1;1;1
478;0;0;0;0;0;0;1;1;1;1;1;1;2;2;2
488;0;0;0;0;0;0;1;1;1;1;1;1;1;1;1
498;0;0;0;1;1;1;2;2;2;3;3;3;1;1;1
509;1;1;1;0;0;0;0;0;0;1;1;1;5;5;5
519;1;1;1;0;0;0;3;3;3;3;3;3;0;0;0
529;0;0;0;0;0;0;0;0;0;1;1;1;1;1;1
539;2;2;2;3;3;3;2;2;2;3;3;3;2;2;2
549;2;2;2;1;1;1;0;0;0;1;1;1;0;0;0
560;3;3;3;1;1;1;1;1;1;3;3;3;2;2;2
570;0;0;0;0;0;0;2;2;2;3;3;3;1;1;1
580;1;1;1;1;1;1;0;0;0;2;2;2;2;2;2
590;0;0;0;0;0;0;1;1;1;1;1;1;1;1;1
600;1;1;1;0;0;0;2;2;2;0;0;0;2;2;2
611;5;5;5;1;1;1;0;0;0;0;0;0;4;4;4
621;2;2;2;0;0;0;2;2;2;1;1;1;0;0;0
631;2;2;2;1;1;1;1;1;1;2;2;2;0;0;0
641;1;1;1;1;1;1;0;0;0;3;3;3;1;1;1
651;1;1;1;0;0;0;1;1;1;3;3;3;0;0;0
662;2;2;2;0;0;0;1;1;1;4;4;4;3;3;3
672;5;5;5;1;1;1;4;4;4;1;1;1;3;3;3
682;2;2;2;0;0;0;1;1;1;3;3;3;4;4;4
692;5;5;5;0;0;0;3;3;3;2;2;2;0;0;0
702;2;2;2;0;0;0;2;2;2;2;2;2;4;4;4
713;7;7;7;0;0;0;2;2;2;2;2;2;2;2;2
723;1;1;1;1;1;1;1;1;1;1;1;1;1;1;1
733;5;5;5;0;0;0;2;2;2;1;1;1;3;3;3
743;5;5;5;1;1;1;2;2;2;4;4;4;0;0;0
753;1;1;1;0;0;0;0;0;0;5;5;5;1;1;1
764;5;5;5;1;1;1;0;0;0;2;2;2;4;4;4
774;1;1;1;2;2;2;2;2;2;4;4;4;2;2;2
784;7;7;7;0;0;0;3;3;3;0;0;0;1;1;1
794;2;2;2;1;1;1;0;0;0;2;2;2;6;6;6
804;1;1;1;1;1;1;1;1;1;3;3;3;3;3;3
815;2;2;2;1;1;1;1;1;1;6;6;6;2;2;2
825;3;3;3;0;0;0;2;2;2;5;5;5;5;5;5
835;4;4;4;2;2;2;0;0;0;0;0;0;3;3;3
845;3;3;3;0;0;0;1;1;1;5;5;5;1;1;1
855;3;3;3;1;1;1;3;3;3;2;2;2;2;2;2
866;4;4;4;0;0;0;2;2;2;2;2;2;3;3;3
876;5;5;5;2;2;2;1;1;1;2;2;2;5;5;5
886;3;3;3;0;0;0;2;2;2;1;1;1;5;5;5
896;2;2;2;0;0;0;2;2;2;1;1;1;2;2;2
906;2;2;2;3;3;3;3;3;3;2;2;2;4;4;4
917;2;2;2;1;1;1;1;1;1;4;4;4;0;0;0
927;7;7;7;0;0;0;3;3;3;2;2;2;3;3;3
937;3;3;3;1;1;1;6;6;6;5;5;5;5;5;5
947;2;2;2;0;0;0;3;3;3;2;2;2;5;5;5
957;4;4;4;3;3;3;2;2;2;5;5;5;4;4;4
967;4;4;4;4;4;4;2;2;2;3;3;3;2;2;2
977;2;2;2;0;0;0;3;3;3;6;6;6;4;4;4
987;2;2;2;1;1;1;2;2;2;3;3;3;4;4;4
997;3;3;3;2;2;2;1;1;1;2;2;2;4;4;4
1007;2;2;2;4;4;4;3;3;3;2;2;2;4;4;4
1018;4;4;4;1;1;1;2;2;2;3;3;3;3;3;3
1028;5;5;5;4;4;4;1;1;1;0;0;0;2;2;2
1038;1;1;1;3;3;3;0;0;0;3;3;3;1;1;1
1048;3;3;3;4;4;4;3;3;3;4;4;4;2;2;2
1058;3;3;3;2;2;2;5;5;5;2;2;2;4;4;4
1069;3;3;3;3;3;3;4;4;4;3;3;3;4;4;4
1079;7;7;7;2;2;2;1;1;1;3;3;3;3;3;3
1089;3;3;3;1;1;1;1;1;1;3;3;3;1;1;1
1099;1;1;1;1;1;1;3;3;3;5;5;5;2;2;2
1109;2;2;2;0;0;0;5;5;5;1;1;1;2;2;2
1120;2;2;2;4;4;4;7;7;7;2;2;2;2;2;2
1130;3;3;3;3;3;3;0;0;0;2;2;2;0;0;0
1140;4;4;4;2;2;2;2;2;2;7;7;7;3;3;3
1150;3;3;3;3;3;3;3;3;3;5;5;5;4;4;4
1160;3;3;3;4;4;4;2;2;2;1;1;1;4;4;4
1171;2;2;2;4;4;4;4;4;4;3;3;3;3;3;3
1181;2;2;2;5;5;5;4;4;4;3;3;3;3;3;3
1191;5;5;5;4;4;4;5;5;5;3;3;3;2;2;2
1201;1;1;1;5;5;5;3;3;3;6;6;6;2;2;2
1211;4;4;4;2;2;2;3;3;3;4;4;4;4;4;4
1222;4;4;4;4;4;4;3;3;3;3;3;3;6;6;6
1232;1;1;1;4;4;4;6;6;6;2;2;2;3;3;3
1242;3;3;3;2;2;2;1;1;1;5;5;5;5;5;5
1252;4;4;4;3;3;3;2;2;2;3;3;3;3;3;3
1262;4;4;4;3;3;3;2;2;2;8;8;8;3;3;3
1273;4;4;4;3;3;3;2;2;2;5;5;5;6;6;6
1283;4;4;4;2;2;2;7;7;7;3;3;3;2;2;2
1293;3;3;3;1;1;1;1;1;1;2;2;2;5;5;5
1303;4;4;4;4;4;4;2;2;2;3;3;3;4;4;4
1313;1;1;1;3;3;3;1;1;1;6;6;6;2;2;2
1324;6;6;6;5;5;5;5;5;5;4;4;4;3;3;3
1334;3;3;3;6;6;6;5;5;5;1;1;1;2;2;2
1344;4;4;4;3;3;3;1;1;1;1;1;1;3;3;3
1354;3;3;3;3;3;3;2;2;2;3;3;3;4;4;4
1364;5;5;5;4;4;4;1;1;1;4;4;4;4;4;4
1375;2;2;2;3;3;3;1;1;1;4;4;4;3;3;3
1385;4;4;4;4;4;4;4;4;4;2;2;2;2;2;2
1395;5;5;5;5;5;5;2;2;2;4;4;4;4;4;4
1405;5;5;5;3;3;3;8;8;8;6;6;6;4;4;4
1415;0;0;0;3;3;3;2;2;2;1;1;1;2;2;2
1426;6;6;6;3;3;3;6;6;6;2;2;2;3;3;3
1436;3;3;3;2;2;2;1;1;1;2;2;2;2;2;2
1446;5;5;5;7;7;7;5;5;5;5;5;5;6;6;6
1456;4;4;4;1;1;1;3;3;3;3;3;3;3;3;3
1466;7;7;7;2;2;2;4;4;4;3;3;3;1;1;1
1476;5;5;5;7;7;7;1;1;1;1;1;1;7;7;7
1486;4;4;4;1;1;1;0;0;0;3;3;3;3;3;3
1496;5;5;5;2;2;2;4;4;4;3;3;3;0;0;0
1506;4;4;4;8;8;8;1;1;1;3;3;3;3;3;3
1516;1;1;1;4;4;4;5;5;5;4;4;4;2;2;2
1527;4;4;4;6;6;6;3;3;3;4;4;4;1;1;1
1537;7;7;7;3;3;3;4;4;4;4;4;4;4;4;4
1547;4;4;4;6;6;6;4;4;4;4;4;4;4;4;4
1557;4;4;4;0;0;0;3;3;3;6;6;6;3;3;3
1567;3;3;3;7;7;7;1;1;1;5;5;5;4;4;4
1578;1;1;1;2;2;2;2;2;2;5;5;5;3;3;3
1588;4;4;4;5;5;5;3;3;3;4;4;4;4;4;4
1598;3;3;3;2;2;2;0;0;0;2;2;2;1;1;1
1608;2;2;2;3;3;3;3;3;3;2;2;2;6;6;6
1618;5;5;5;6;6;6;4;4;4;2;2;2;2;2;2
1629;5;5;5;2;2;2;0;0;0;3;3;3;4;4;4
1639;2;2;2;3;3;3;2;2;2;7;7;7;1;1;1
1649;4;4;4;3;3;3;3;3;3;4;4;4;5;5;5
1659;3;3;3;2;2;2;3;3;3;2;2;2;2;2;2
1669;5;5;5;1;1;1;1;1;1;8;8;8;6;6;6
1680;4;4;4;6;6;6;2;2;2;3;3;3;2;2;2
1690;7;7;7;2;2;2;3;3;3;1;1;1;1;1;1
1700;6;6;6;5;5;5;2;2;2;2;2;2;3;3;3
1710;7;7;7;1;1;1;2;2;2;5;5;5;1;1;1
1720;4;4;4;1;1;1;4;4;4;3;3;3;3;3;3
1731;7;7;7;2;2;2;4;4;4;3;3;3;2;2;2
1741;3;3;3;5;5;5;5;5;5;2;2;2;3;3;3
1751;2;2;2;6;6;6;4;4;4;7;7;7;2;2;2
1761;3;3;3;2;2;2;4;4;4;5;5;5;2;2;2
1771;2;2;2;6;6;6;8;8;8;4;4;4;2;2;2
1782;4;4;4;3;3;3;3;3;3;4;4;4;3;3;3
1792;1;1;1;1;1;1;5;5;5;4;4;4;2;2;2
1802;4;4;4;7;7;7;5;5;5;8;8;8;6;6;6
1812;3;3;3;5;5;5;2;2;2;6;6;6;3;3;3
1822;4;4;4;8;8;8;5;5;5;5;5;5;2;2;2
1833;1;1;1;5;5;5;5;5;5;4;4;4;3;3;3
1843;1;1;1;3;3;3;3;3;3;4;4;4;1;1;1
1853;4;4;4;4;4;4;4;4;4;2;2;2;5;5;5
1863;4;4;4;0;0;0;6;6;6;1;1;1;2;2;2
1873;7;7;7;6;6;6;2;2;2;8;8;8;3;3;3
1884;0;0;0;3;3;3;1;1;1;3;3;3;2;2;2
1894;6;6;6;6;6;6;3;3;3;3;3;3;2;2;2
1904;5;5;5;3;3;3;6;6;6;2;2;2;2;2;2
1914;3;3;3;3;3;3;7;7;7;2;2;2;3;3;3
1924;1;1;1;3;3;3;5;5;5;1;1;1;0;0;0
1935;3;3;3;1;1;1;3;3;3;4;4;4;5;5;5
1945;2;2;2;2;2;2;1;1;1;5;5;5;1;1;1
1955;1;1;1;2;2;2;3;3;3;5;5;5;0;0;0
1965;6;6;6;3;3;3;6;6;6;3;3;3;1;1;1
1975;2;2;2;6;6;6;3;3;3;5;5;5;3;3;3
1985;4;4;4;2;2;2;5;5;5;5;5;5;1;1;1
1995;2;2;2;3;3;3;2;2;2;4;4;4;5;5;5
2005;1;1;1;1;1;1;3;3;3;2;2;2;3;3;3
2015;1;1;1;7;7;7;1;1;1;4;4;4;2;2;2
2025;5;5;5;5;5;5;5;5;5;2;2;2;4;4;4
2036;1;1;1;7;7;7;7;7;7;5;5;5;2;2;2
2046;5;5;5;5;5;5;3;3;3;6;6;6;3;3;3
2056;3;3;3;5;5;5;2;2;2;6;6;6;2;2;2
2066;3;3;3;3;3;3;4;4;4;6;6;6;4;4;4
2076;7;7;7;2;2;2;2;2;2;2;2;2;0;0;0
2087;4;4;4;4;4;4;3;3;3;7;7;7;7;7;7
2097;2;2;2;2;2;2;3;3;3;3;3;3;4;4;4
2107;0;0;0;3;3;3;3;3;3;5;5;5;4;4;4
2117;3;3;3;4;4;4;2;2;2;5;5;5;6;6;6
2127;6;6;6;3;3;3;3;3;3;5;5;5;1;1;1
2138;5;5;5;0;0;0;1;1;1;2;2;2;5;5;5
2148;5;5;5;1;1;1;4;4;4;3;3;3;2;2;2
2158;3;3;3;4;4;4;2;2;2;3;3;3;3;3;3
2168;5;5;5;5;5;5;4;4;4;4;4;4;2;2;2
2178;1;1;1;0;0;0;2;2;2;5;5;5;3;3;3
2189;5;5;5;2;2;2;4;4;4;0;0;0;2;2;2
2199;4;4;4;4;4;4;3;3;3;1;1;1;2;2;2
2209;4;4;4;3;3;3;5;5;5;4;4;4;3;3;3
2219;2;2;2;2;2;2;4;4;4;4;4;4;4;4;4
2229;6;6;6;5;5;5;6;6;6;5;5;5;3;3;3
2240;2;2;2;4;4;4;3;3;3;4;4;4;0;0;0
2250;0;0;0;0;0;0;1;1;1;6;6;6;2;2;2
2260;1;1;1;0;0;0;3;3;3;1;1;1;1;1;1
2270;6;6;6;2;2;2;1;1;1;5;5;5;3;3;3
2280;4;4;4;2;2;2;0;0;0;4;4;4;3;3;3
2291;5;5;5;3;3;3;4;4;4;2;2;2;4;4;4
2301;4;4;4;3;3;3;4;4;4;4;4;4;0;0;0
2311;4;4;4;3;3;3;2;2;2;3;3;3;6;6;6
2321;2;2;2;1;1;1;3;3;3;5;5;5;5;5;5
2331;8;8;8;1;1;1;1;1;1;4;4;4;2;2;2
2342;2;2;2;2;2;2;2;2;2;1;1;1;2;2;2
2352;8;8;8;1;1;1;4;4;4;2;2;2;4;4;4
2362;0;0;0;2;2;2;7;7;7;4;4;4;5;5;5
2372;4;4;4;2;2;2;1;1;1;5;5;5;1;1;1
2382;4;4;4;5;5;5;4;4;4;5;5;5;4;4;4
2393;3;3;3;2;2;2;5;5;5;6;6;6;0;0;0
2403;1;1;1;5;5;5;5;5;5;2;2;2;3;3;3
2413;2;2;2;2;2;2;4;4;4;3;3;3;5;5;5
2423;3;3;3;4;4;4;1;1;1;1;1;1;4;4;4
2433;4;4;4;1;1;1;3;3;3;5;5;5;2;2;2
2444;5;5;5;6;6;6;6;6;6;2;2;2;3;3;3
2454;1;1;1;4;4;4;0;0;0;6;6;6;6;6;6
2464;1;1;1;5;5;5;2;2;2;3;3;3;3;3;3
2474;0;0;0;1;1;1;5;5;5;4;4;4;0;0;0
2484;5;5;5;3;3;3;5;5;5;3;3;3;1;1;1
2494;1;1;1;2;2;2;7;7;7;4;4;4;0;0;0
2504;4;4;4;6;6;6;1;1;1;1;1;1;1;1;1
2514;5;5;5;6;6;6;4;4;4;1;1;1;5;5;5
2524;0;0;0;2;2;2;2;2;2;7;7;7;1;1;1
2534;3;3;3;4;4;4;2;2;2;4;4;4;2;2;2
2545;2;2;2;1;1;1;4;4;4;6;6;6;4;4;4
2555;4;4;4;2;2;2;2;2;2;4;4;4;4;4;4
2565;4;4;4;3;3;3;6;6;6;7;7;7;3;3;3
2575;3;3;3;1;1;1;2;2;2;2;2;2;1;1;1
2585;7;7;7;0;0;0;5;5;5;6;6;6;5;5;5
2596;3;3;3;2;2;2;1;1;1;7;7;7;1;1;1
2606;4;4;4;2;2;2;2;2;2;5;5;5;6;6;6
2616;4;4;4;1;1;1;5;5;5;4;4;4;0;0;0
2626;2;2;2;0;0;0;4;4;4;5;5;5;3;3;3
2636;1;1;1;2;2;2;3;3;3;2;2;2;0;0;0
2647;3;3;3;2;2;2;2;2;2;5;5;5;2;2;2
2657;2;2;2;4;4;4;3;3;3;4;4;4;4;4;4
2667;1;1;1;0;0;0;3;3;3;7;7;7;4;4;4
2677;4;4;4;3;3;3;4;4;4;4;4;4;3;3;3
2687;3;3;3;1;1;1;2;2;2;3;3;3;0;0;0
2698;3;3;3;4;4;4;2;2;2;2;2;2;1;1;1
2708;4;4;4;6;6;6;2;2;2;2;2;2;4;4;4
2718;7;7;7;2;2;2;6;6;6;2;2;2;3;3;3
2728;5;5;5;5;5;5;3;3;3;2;2;2;4;4;4
2738;2;2;2;4;4;4;1;1;1;5;5;5;4;4;4
2749;5;5;5;5;5;5;3;3;3;3;3;3;6;6;6
2759;1;1;1;2;2;2;1;1;1;9;9;9;1;1;1
2769;0;0;0;2;2;2;2;2;2;3;3;3;0;0;0
2779;6;6;6;3;3;3;3;3;3;4;4;4;6;6;6
2789;2;2;2;2;2;2;4;4;4;4;4;4;4;4;4
2800;1;1;1;0;0;0;9;9;9;5;5;5;6;6;6
2810;1;1;1;1;1;1;9;9;9;3;3;3;2;2;2
2820;4;4;4;5;5;5;7;7;7;4;4;4;2;2;2
2830;3;3;3;5;5;5;3;3;3;3;3;3;8;8;8
2840;1;1;1;7;7;7;0;0;0;6;6;6;6;6;6
2851;3;3;3;5;5;5;3;3;3;5;5;5;3;3;3
2861;4;4;4;4;4;4;1;1;1;4;4;4;5;5;5
2871;1;1;1;6;6;6;5;5;5;3;3;3;3;3;3
2881;2;2;2;5;5;5;0;0;0;2;2;2;1;1;1
2891;3;3;3;4;4;4;2;2;2;8;8;8;1;1;1
2902;4;4;4;2;2;2;5;5;5;6;6;6;10;10;10
2912;4;4;4;3;3;3;0;0;0;3;3;3;2;2;2
2922;1;1;1;4;4;4;0;0;0;7;7;7;3;3;3
2932;5;5;5;5;5;5;5;5;5;2;2;2;7;7;7
2942;2;2;2;1;1;1;1;1;1;2;2;2;4;4;4
2953;3;3;3;3;3;3;2;2;2;1;1;1;0;0;0
2963;7;7;7;3;3;3;0;0;0;6;6;6;7;7;7
2973;2;2;2;4;4;4;5;5;5;2;2;2;6;6;6
2983;5;5;5;5;5;5;8;8;8;4;4;4;3;3;3
2993;2;2;2;2;2;2;0;0;0;0;0;0;8;8;8
3003;2;2;2;2;2;2;3;3;3;6;6;6;2;2;2
3013;2;2;2;5;5;5;7;7;7;3;3;3;4;4;4
3023;2;2;2;2;2;2;2;2;2;3;3;3;1;1;1
3033;3;3;3;4;4;4;0;0;0;5;5;5;5;5;5
3043;2;2;2;2;2;2;3;3;3;2;2;2;1;1;1
3054;3;3;3;4;4;4;3;3;3;6;6;6;2;2;2
3064;6;6;6;3;3;3;1;1;1;3;3;3;6;6;6
3074;3;3;3;3;3;3;3;3;3;4;4;4;2;2;2
3084;2;2;2;5;5;5;2;2;2;4;4;4;4;4;4
3094;0;0;0;2;2;2;1;1;1;7;7;7;7;7;7
3105;3;3;3;4;4;4;5;5;5;3;3;3;5;5;5
3115;2;2;2;4;4;4;1;1;1;6;6;6;6;6;6
3125;4;4;4;1;1;1;5;5;5;6;6;6;3;3;3
3135;3;3;3;4;4;4;0;0;0;3;3;3;5;5;5
3145;3;3;3;4;4;4;3;3;3;7;7;7;1;1;1
3156;3;3;3;1;1;1;1;1;1;3;3;3;2;2;2
3166;3;3;3;2;2;2;0;0;0;2;2;2;3;3;3
3176;1;1;1;0;0;0;3;3;3;5;5;5;2;2;2
3186;0;0;0;6;6;6;7;7;7;4;4;4;5;5;5
3196;7;7;7;4;4;4;2;2;2;5;5;5;1;1;1
3207;5;5;5;3;3;3;4;4;4;6;6;6;2;2;2
3217;2;2;2;3;3;3;1;1;1;3;3;3;5;5;5
3227;3;3;3;4;4;4;3;3;3;6;6;6;2;2;2
3237;2;2;2;4;4;4;3;3;3;2;2;2;3;3;3
3247;7;7;7;3;3;3;3;3;3;5;5;5;3;3;3
3258;3;3;3;2;2;2;5;5;5;4;4;4;0;0;0
3268;1;1;1;2;2;2;4;4;4;8;8;8;2;2;2
3278;5;5;5;5;5;5;2;2;2;4;4;4;7;7;7
3288;2;2;2;3;3;3;2;2;2;1;1;1;1;1;1
3298;2;2;2;3;3;3;3;3;3;6;6;6;3;3;3
3309;1;1;1;3;3;3;1;1;1;4;4;4;4;4;4
3319;2;2;2;3;3;3;1;1;1;7;7;7;7;7;7
3329;4;4;4;4;4;4;5;5;5;2;2;2;0;0;0
3339;2;2;2;8;8;8;2;2;2;4;4;4;5;5;5
3349;8;8;8;0;0;0;1;1;1;2;2;2;1;1;1
3360;2;2;2;1;1;1;3;3;3;8;8;8;6;6;6
3370;1;1;1;3;3;3;3;3;3;4;4;4;2;2;2
3380;1;1;1;3;3;3;2;2;2;3;3;3;2;2;2
3390;7;7;7;3;3;3;3;3;3;4;4;4;3;3;3
3400;1;1;1;7;7;7;3;3;3;3;3;3;1;1;1
3411;5;5;5;5;5;5;4;4;4;4;4;4;3;3;3
3421;7;7;7;1;1;1;5;5;5;1;1;1;3;3;3
3431;3;3;3;5;5;5;1;1;1;3;3;3;4;4;4
3441;0;0;0;0;0;0;2;2;2;8;8;8;3;3;3
3451;4;4;4;2;2;2;1;1;1;4;4;4;5;5;5
3462;2;2;2;6;6;6;7;7;7;4;4;4;3;3;3
3472;2;2;2;5;5;5;8;8;8;3;3;3;7;7;7
3482;1;1;1;4;4;4;3;3;3;3;3;3;4;4;4
3492;1;1;1;2;2;2;4;4;4;7;7;7;4;4;4
3502;2;2;2;6;6;6;2;2;2;2;2;2;5;5;5
3512;3;3;3;8;8;8;6;6;6;6;6;6;3;3;3
3522;1;1;1;8;8;8;6;6;6;5;5;5;3;3;3
3532;4;4;4;4;4;4;2;2;2;5;5;5;3;3;3
3542;1;1;1;0;0;0;3;3;3;4;4;4;2;2;2
3552;2;2;2;6;6;6;1;1;1;5;5;5;2;2;2
3563;1;1;1;2;2;2;3;3;3;5;5;5;6;6;6
3573;6;6;6;7;7;7;5;5;5;5;5;5;5;5;5
3583;3;3;3;4;4;4;5;5;5;4;4;4;4;4;4
3593;8;8;8;4;4;4;3;3;3;1;1;1;5;5;5
3603;3;3;3;1;1;1;1;1;1;4;4;4;2;2;2
3614;7;7;7;3;3;3;1;1;1;0;0;0;2;2;2
3624;5;5;5;4;4;4;1;1;1;4;4;4;4;4;4
3634;4;4;4;2;2;2;4;4;4;9;9;9;2;2;2
3644;6;6;6;4;4;4;4;4;4;7;7;7;5;5;5
3654;1;1;1;3;3;3;1;1;1;2;2;2;7;7;7
3665;2;2;2;2;2;2;1;1;1;6;6;6;6;6;6
3675;4;4;4;3;3;3;4;4;4;3;3;3;3;3;3
3685;0;0;0;6;6;6;4;4;4;2;2;2;6;6;6
3695;0;0;0;5;5;5;2;2;2;1;1;1;2;2;2
3705;7;7;7;11;11;11;1;1;1;0;0;0;5;5;5
3716;6;6;6;3;3;3;4;4;4;5;5;5;3;3;3
3726;6;6;6;2;2;2;2;2;2;6;6;6;6;6;6
3736;4;4;4;3;3;3;7;7;7;4;4;4;6;6;6
3746;3;3;3;4;4;4;5;5;5;6;6;6;3;3;3
3756;3;3;3;0;0;0;6;6;6;3;3;3;3;3;3
3767;3;3;3;5;5;5;4;4;4;6;6;6;5;5;5
3777;7;7;7;3;3;3;2;2;2;8;8;8;2;2;2
3787;2;2;2;5;5;5;9;9;9;0;0;0;7;7;7
3797;0;0;0;4;4;4;4;4;4;3;3;3;6;6;6
3807;3;3;3;4;4;4;3;3;3;2;2;2;7;7;7
3818;3;3;3;5;5;5;3;3;3;5;5;5;1;1;1
3828;0;0;0;1;1;1;5;5;5;3;3;3;6;6;6
3838;2;2;2;5;5;5;5;5;5;1;1;1;7;7;7
3848;3;3;3;8;8;8;4;4;4;2;2;2;7;7;7
3858;5;5;5;7;7;7;4;4;4;5;5;5;5;5;5
3869;2;2;2;5;5;5;4;4;4;4;4;4;4;4;4
3879;5;5;5;3;3;3;2;2;2;1;1;1;11;11;11
3889;6;6;6;4;4;4;2;2;2;2;2;2;7;7;7
3899;6;6;6;6;6;6;1;1;1;1;1;1;4;4;4
3909;2;2;2;2;2;2;3;3;3;4;4;4;4;4;4
3920;2;2;2;3;3;3;6;6;6;0;0;0;3;3;3
3930;2;2;2;3;3;3;2;2;2;0;0;0;6;6;6
3940;8;8;8;5;5;5;3;3;3;1;1;1;7;7;7
3950;1;1;1;8;8;8;5;5;5;1;1;1;8;8;8
3960;6;6;6;4;4;4;3;3;3;2;2;2;1;1;1
3971;4;4;4;5;5;5;0;0;0;3;3;3;4;4;4
3981;2;2;2;3;3;3;1;1;1;5;5;5;10;10;10
3991;4;4;4;0;0;0;5;5;5;3;3;3;6;6;6
4001;0;0;0;0;0;0;4;4;4;2;2;2;2;2;2
4011;4;4;4;2;2;2;1;1;1;7;7;7;6;6;6
4021;1;1;1;4;4;4;4;4;4;2;2;2;5;5;5
4031;4;4;4;1;1;1;4;4;4;4;4;4;2;2;2
4041;5;5;5;3;3;3;2;2;2;3;3;3;4;4;4
4051;7;7;7;5;5;5;3;3;3;0;0;0;5;5;5
4061;8;8;8;5;5;5;3;3;3;0;0;0;5;5;5
4072;5;5;5;4;4;4;5;5;5;2;2;2;6;6;6
4082;5;5;5;3;3;3;1;1;1;0;0;0;2;2;2
4092;5;5;5;2;2;2;2;2;2;1;1;1;5;5;5
4102;4;4;4;2;2;2;5;5;5;1;1;1;3;3;3
4112;0;0;0;0;0;0;4;4;4;2;2;2;5;5;5
4123;3;3;3;4;4;4;3;3;3;1;1;1;3;3;3
4133;4;4;4;2;2;2;4;4;4;2;2;2;5;5;5
4143;2;2;2;4;4;4;1;1;1;2;2;2;4;4;4
4153;1;1;1;2;2;2;2;2;2;5;5;5;4;4;4
4163;3;3;3;2;2;2;7;7;7;1;1;1;6;6;6
4174;3;3;3;3;3;3;3;3;3;1;1;1;7;7;7
4184;5;5;5;5;5;5;4;4;4;0;0;0;5;5;5
4194;9;9;9;0;0;0;4;4;4;0;0;0;4;4;4
4204;3;3;3;0;0;0;6;6;6;1;1;1;7;7;7
4214;6;6;6;6;6;6;2;2;2;1;1;1;9;9;9
4225;3;3;3;2;2;2;7;7;7;5;5;5;6;6;6
4235;4;4;4;5;5;5;3;3;3;4;4;4;3;3;3
4245;0;0;0;4;4;4;4;4;4;5;5;5;5;5;5
4255;1;1;1;3;3;3;1;1;1;3;3;3;6;6;6
4265;0;0;0;4;4;4;5;5;5;3;3;3;5;5;5
4276;0;0;0;3;3;3;5;5;5;1;1;1;4;4;4
4286;1;1;1;6;6;6;2;2;2;4;4;4;6;6;6
4296;2;2;2;5;5;5;4;4;4;9;9;9;2;2;2
4306;3;3;3;5;5;5;4;4;4;6;6;6;7;7;7
4316;3;3;3;3;3;3;6;6;6;0;0;0;5;5;5
4327;4;4;4;5;5;5;3;3;3;3;3;3;3;3;3
4337;1;1;1;1;1;1;6;6;6;5;5;5;3;3;3
4347;5;5;5;4;4;4;4;4;4;6;6;6;2;2;2
4357;4;4;4;7;7;7;7;7;7;4;4;4;7;7;7
4367;2;2;2;6;6;6;2;2;2;0;0;0;4;4;4
4378;6;6;6;3;3;3;6;6;6;2;2;2;3;3;3
4388;4;4;4;5;5;5;3;3;3;3;3;3;5;5;5
4398;5;5;5;0;0;0;1;1;1;1;1;1;9;9;9
4408;3;3;3;1;1;1;3;3;3;3;3;3;1;1;1
4418;5;5;5;3;3;3;5;5;5;0;0;0;5;5;5
4429;11;11;11;6;6;6;6;6;6;2;2;2;5;5;5
4439;8;8;8;2;2;2;4;4;4;1;1;1;3;3;3
4449;1;1;1;4;4;4;0;0;0;4;4;4;3;3;3
4459;7;7;7;7;7;7;3;3;3;1;1;1;6;6;6
4469;6;6;6;5;5;5;2;2;2;2;2;2;11;11;11
4480;6;6;6;2;2;2;4;4;4;1;1;1;9;9;9
4490;1;1;1;3;3;3;2;2;2;2;2;2;6;6;6
4500;7;7;7;6;6;6;3;3;3;2;2;2;6;6;6
4510;2;2;2;7;7;7;5;5;5;3;3;3;4;4;4
4520;2;2;2;7;7;7;0;0;0;2;2;2;7;7;7
4530;4;4;4;4;4;4;0;0;0;2;2;2;11;11;11
4540;2;2;2;1;1;1;2;2;2;1;1;1;10;10;10
4550;4;4;4;2;2;2;6;6;6;2;2;2;5;5;5
4560;8;8;8;2;2;2;1;1;1;4;4;4;8;8;8
4570;3;3;3;3;3;3;5;5;5;0;0;0;6;6;6
4581;8;8;8;4;4;4;5;5;5;0;0;0;5;5;5
4591;6;6;6;4;4;4;5;5;5;4;4;4;3;3;3
4601;3;3;3;5;5;5;3;3;3;3;3;3;6;6;6
4611;3;3;3;0;0;0;2;2;2;2;2;2;6;6;6
4621;5;5;5;5;5;5;1;1;1;3;3;3;5;5;5
4632;7;7;7;7;7;7;4;4;4;1;1;1;4;4;4
4642;6;6;6;4;4;4;5;5;5;3;3;3;5;5;5
4652;2;2;2;6;6;6;5;5;5;7;7;7;4;4;4
4662;8;8;8;5;5;5;2;2;2;1;1;1;3;3;3
4672;1;1;1;2;2;2;2;2;2;2;2;2;3;3;3
4683;7;7;7;3;3;3;5;5;5;1;1;1;7;7;7
4693;7;7;7;3;3;3;1;1;1;3;3;3;4;4;4
4703;5;5;5;6;6;6;4;4;4;0;0;0;11;11;11
4713;5;5;5;2;2;2;6;6;6;1;1;1;8;8;8
4723;7;7;7;2;2;2;6;6;6;1;1;1;4;4;4
4734;5;5;5;4;4;4;7;7;7;3;3;3;6;6;6
4744;9;9;9;7;7;7;7;7;7;3;3;3;5;5;5
4754;3;3;3;4;4;4;7;7;7;1;1;1;7;7;7
4764;4;4;4;6;6;6;1;1;1;1;1;1;9;9;9
4774;2;2;2;6;6;6;0;0;0;6;6;6;6;6;6
4785;1;1;1;2;2;2;7;7;7;5;5;5;5;5;5
4795;3;3;3;5;5;5;3;3;3;3;3;3;9;9;9
4805;2;2;2;8;8;8;3;3;3;7;7;7;8;8;8
4815;3;3;3;5;5;5;4;4;4;4;4;4;5;5;5
4825;4;4;4;7;7;7;1;1;1;0;0;0;6;6;6
4836;4;4;4;6;6;6;5;5;5;2;2;2;3;3;3
4846;5;5;5;5;5;5;1;1;1;0;0;0;3;3;3
4856;3;3;3;3;3;3;4;4;4;0;0;0;4;4;4
4866;3;3;3;3;3;3;3;3;3;3;3;3;8;8;8
4876;2;2;2;3;3;3;1;1;1;2;2;2;4;4;4
4887;7;7;7;2;2;2;1;1;1;0;0;0;5;5;5
4897;1;1;1;4;4;4;6;6;6;0;0;0;10;10;10
4907;2;2;2;1;1;1;4;4;4;1;1;1;2;2;2
4917;1;1;1;2;2;2;4;4;4;4;4;4;3;3;3
4927;4;4;4;4;4;4;3;3;3;4;4;4;3;3;3
4938;4;4;4;2;2;2;5;5;5;3;3;3;5;5;5
4948;3;3;3;5;5;5;4;4;4;2;2;2;6;6;6
4958;4;4;4;3;3;3;2;2;2;2;2;2;6;6;6
4968;3;3;3;2;2;2;0;0;0;0;0;0;5;5;5
4978;3;3;3;6;6;6;5;5;5;4;4;4;4;4;4
4989;5;5;5;2;2;2;7;7;7;0;0;0;2;2;2
4999;4;4;4;5;5;5;4;4;4;2;2;2;2;2;2
5009;3;3;3;8;8;8;5;5;5;2;2;2;2;2;2
5019;4;4;4;2;2;2;9;9;9;0;0;0;5;5;5
5029;2;2;2;7;7;7;5;5;5;3;3;3;4;4;4
5039;5;5;5;1;1;1;1;1;1;2;2;2;4;4;4
5049;2;2;2;3;3;3;2;2;2;1;1;1;8;8;8
5059;2;2;2;4;4;4;2;2;2;4;4;4;3;3;3
5069;6;6;6;0;0;0;6;6;6;0;0;0;5;5;5
5079;4;4;4;9;9;9;2;2;2;3;3;3;9;9;9
5090;8;8;8;6;6;6;5;5;5;4;4;4;8;8;8
5100;7;7;7;2;2;2;0;0;0;1;1;1;7;7;7
5110;5;5;5;3;3;3;0;0;0;4;4;4;7;7;7
5120;2;2;2;5;5;5;4;4;4;1;1;1;2;2;2
5130;10;10;10;2;2;2;2;2;2;3;3;3;6;6;6
5141;4;4;4;5;5;5;3;3;3;1;1;1;8;8;8
5151;3;3;3;4;4;4;3;3;3;0;0;0;6;6;6
5161;4;4;4;5;5;5;3;3;3;4;4;4;7;7;7
5171;3;3;3;2;2;2;6;6;6;5;5;5;6;6;6
5181;6;6;6;4;4;4;3;3;3;2;2;2;9;9;9
5192;4;4;4;5;5;5;9;9;9;0;0;0;7;7;7
5202;5;5;5;2;2;2;8;8;8;2;2;2;6;6;6
5212;9;9;9;4;4;4;6;6;6;1;1;1;5;5;5
5222;1;1;1;2;2;2;8;8;8;3;3;3;9;9;9
5232;6;6;6;9;9;9;1;1;1;2;2;2;9;9;9
5243;4;4;4;6;6;6;4;4;4;1;1;1;5;5;5
5253;2;2;2;5;5;5;4;4;4;0;0;0;7;7;7
5263;1;1;1;3;3;3;4;4;4;0;0;0;10;10;10
5273;5;5;5;4;4;4;8;8;8;2;2;2;4;4;4
5283;4;4;4;3;3;3;8;8;8;2;2;2;4;4;4
5294;7;7;7;6;6;6;10;10;10;1;1;1;7;7;7
5304;9;9;9;6;6;6;4;4;4;5;5;5;5;5;5
5314;3;3;3;2;2;2;1;1;1;3;3;3;5;5;5
5324;5;5;5;3;3;3;1;1;1;0;0;0;6;6;6
5334;4;4;4;4;4;4;2;2;2;2;2;2;8;8;8
5345;8;8;8;0;0;0;5;5;5;1;1;1;5;5;5
5355;7;7;7;5;5;5;2;2;2;1;1;1;11;11;11
5365;4;4;4;2;2;2;5;5;5;3;3;3;6;6;6
5375;8;8;8;4;4;4;2;2;2;2;2;2;5;5;5
5385;5;5;5;5;5;5;2;2;2;5;5;5;8;8;8
5396;4;4;4;4;4;4;1;1;1;3;3;3;11;11;11
5406;3;3;3;7;7;7;4;4;4;1;1;1;9;9;9
5416;5;5;5;3;3;3;6;6;6;7;7;7;1;1;1
5426;4;4;4;4;4;4;5;5;5;3;3;3;7;7;7
5436;3;3;3;3;3;3;3;3;3;1;1;1;4;4;4
5447;6;6;6;5;5;5;6;6;6;4;4;4;7;7;7
5457;5;5;5;2;2;2;3;3;3;0;0;0;8;8;8
5467;10;10;10;7;7;7;6;6;6;0;0;0;8;8;8
5477;7;7;7;2;2;2;8;8;8;1;1;1;6;6;6
5487;5;5;5;3;3;3;4;4;4;2;2;2;2;2;2
5498;8;8;8;7;7;7;6;6;6;0;0;0;6;6;6
5508;4;4;4;4;4;4;8;8;8;2;2;2;2;2;2
5518;2;2;2;2;2;2;6;6;6;0;0;0;5;5;5
5528;5;5;5;2;2;2;3;3;3;0;0;0;1;1;1
5538;4;4;4;2;2;2;3;3;3;2;2;2;12;12;12
5548;1;1;1;7;7;7;3;3;3;2;2;2;8;8;8
5558;4;4;4;0;0;0;2;2;2;0;0;0;5;5;5
5568;3;3;3;3;3;3;0;0;0;6;6;6;6;6;6
5578;1;1;1;0;0;0;2;2;2;0;0;0;6;6;6
5588;3;3;3;3;3;3;2;2;2;5;5;5;6;6;6
5599;4;4;4;4;4;4;3;3;3;5;5;5;5;5;5
5609;2;2;2;7;7;7;1;1;1;5;5;5;7;7;7
5619;5;5;5;0;0;0;3;3;3;1;1;1;3;3;3
5629;4;4;4;3;3;3;6;6;6;2;2;2;5;5;5
5639;2;2;2;4;4;4;7;7;7;2;2;2;7;7;7
5650;3;3;3;5;5;5;5;5;5;5;5;5;8;8;8
5660;4;4;4;2;2;2;6;6;6;1;1;1;4;4;4
5670;1;1;1;1;1;1;4;4;4;0;0;0;3;3;3
5680;3;3;3;8;8;8;5;5;5;1;1;1;10;10;10
5690;3;3;3;8;8;8;4;4;4;5;5;5;4;4;4
5701;0;0;0;4;4;4;3;3;3;3;3;3;10;10;10
5711;1;1;1;7;7;7;7;7;7;0;0;0;3;3;3
5721;4;4;4;4;4;4;6;6;6;3;3;3;5;5;5
5731;4;4;4;1;1;1;6;6;6;2;2;2;8;8;8
5741;5;5;5;4;4;4;3;3;3;1;1;1;8;8;8
5752;3;3;3;10;10;10;8;8;8;1;1;1;7;7;7
5762;2;2;2;9;9;9;6;6;6;3;3;3;6;6;6
5772;3;3;3;4;4;4;4;4;4;1;1;1;4;4;4
5782;6;6;6;3;3;3;8;8;8;4;4;4;8;8;8
5792;4;4;4;4;4;4;5;5;5;5;5;5;4;4;4
5803;6;6;6;3;3;3;4;4;4;1;1;1;5;5;5
5813;7;7;7;7;7;7;9;9;9;2;2;2;6;6;6
5823;1;1;1;5;5;5;5;5;5;4;4;4;8;8;8
5833;4;4;4;4;4;4;4;4;4;0;0;0;6;6;6
5843;1;1;1;3;3;3;3;3;3;1;1;1;3;3;3
5854;4;4;4;0;0;0;5;5;5;1;1;1;5;5;5
5864;6;6;6;3;3;3;5;5;5;3;3;3;3;3;3
5874;5;5;5;5;5;5;4;4;4;1;1;1;5;5;5
5884;4;4;4;4;4;4;4;4;4;5;5;5;7;7;7
5894;3;3;3;8;8;8;5;5;5;1;1;1;4;4;4
5905;1;1;1;4;4;4;5;5;5;5;5;5;9;9;9
5915;1;1;1;0;0;0;3;3;3;2;2;2;1;1;1
5925;3;3;3;4;4;4;2;2;2;0;0;0;7;7;7
5935;5;5;5;4;4;4;6;6;6;3;3;3;5;5;5
5945;4;4;4;5;5;5;3;3;3;5;5;5;7;7;7
5956;5;5;5;5;5;5;2;2;2;2;2;2;3;3;3
5966;5;5;5;10;10;10;1;1;1;8;8;8;4;4;4
5976;3;3;3;4;4;4;6;6;6;3;3;3;7;7;7
5986;7;7;7;2;2;2;3;3;3;1;1;1;7;7;7
5996;1;1;1;3;3;3;3;3;3;2;2;2;2;2;2
6007;3;3;3;2;2;2;0;0;0;2;2;2;1;1;1
6017;3;3;3;3;3;3;3;3;3;2;2;2;6;6;6
6027;1;1;1;4;4;4;6;6;6;5;5;5;9;9;9
6037;2;2;2;3;3;3;7;7;7;1;1;1;4;4;4
6047;3;3;3;4;4;4;5;5;5;5;5;5;2;2;2
6057;1;1;1;8;8;8;9;9;9;3;3;3;4;4;4
6067;3;3;3;3;3;3;3;3;3;2;2;2;11;11;11
6077;5;5;5;2;2;2;6;6;6;9;9;9;4;4;4
6087;3;3;3;8;8;8;7;7;7;2;2;2;1;1;1
6097;2;2;2;6;6;6;6;6;6;5;5;5;4;4;4
6108;4;4;4;7;7;7;6;6;6;3;3;3;3;3;3
6118;4;4;4;3;3;3;2;2;2;2;2;2;4;4;4
6128;2;2;2;7;7;7;4;4;4;7;7;7;6;6;6
6138;4;4;4;2;2;2;6;6;6;5;5;5;8;8;8
6148;2;2;2;5;5;5;3;3;3;2;2;2;7;7;7
6159;4;4;4;6;6;6;8;8;8;1;1;1;4;4;4
6169;3;3;3;4;4;4;1;1;1;2;2;2;5;5;5
6179;1;1;1;2;2;2;4;4;4;1;1;1;8;8;8
6189;5;5;5;7;7;7;3;3;3;6;6;6;9;9;9
6199;3;3;3;3;3;3;8;8;8;2;2;2;10;10;10
6210;1;1;1;7;7;7;3;3;3;3;3;3;6;6;6
6220;3;3;3;5;5;5;2;2;2;1;1;1;7;7;7
6230;3;3;3;3;3;3;7;7;7;5;5;5;5;5;5
6240;1;1;1;4;4;4;7;7;7;2;2;2;5;5;5
6250;5;5;5;6;6;6;4;4;4;1;1;1;5;5;5
6261;3;3;3;2;2;2;8;8;8;4;4;4;6;6;6
6271;2;2;2;4;4;4;4;4;4;2;2;2;3;3;3
6281;6;6;6;4;4;4;7;7;7;5;5;5;7;7;7
6291;2;2;2;5;5;5;2;2;2;3;3;3;3;3;3
6301;5;5;5;8;8;8;7;7;7;4;4;4;5;5;5
6312;5;5;5;2;2;2;8;8;8;2;2;2;6;6;6
6322;7;7;7;3;3;3;8;8;8;3;3;3;3;3;3
6332;2;2;2;6;6;6;5;5;5;3;3;3;2;2;2
6342;2;2;2;8;8;8;4;4;4;5;5;5;7;7;7
6352;5;5;5;6;6;6;6;6;6;8;8;8;2;2;2
6363;7;7;7;6;6;6;2;2;2;2;2;2;8;8;8
6373;3;3;3;4;4;4;7;7;7;4;4;4;10;10;10
6383;4;4;4;5;5;5;4;4;4;1;1;1;4;4;4
6393;2;2;2;5;5;5;1;1;1;4;4;4;7;7;7
6403;5;5;5;9;9;9;4;4;4;1;1;1;7;7;7
6414;3;3;3;3;3;3;3;3;3;1;1;1;3;3;3
6424;6;6;6;5;5;5;5;5;5;1;1;1;1;1;1
6434;3;3;3;4;4;4;1;1;1;2;2;2;6;6;6
6444;5;5;5;6;6;6;11;11;11;2;2;2;8;8;8
6454;2;2;2;4;4;4;4;4;4;3;3;3;5;5;5
6465;4;4;4;6;6;6;8;8;8;5;5;5;10;10;10
6475;2;2;2;9;9;9;1;1;1;4;4;4;7;7;7
6485;6;6;6;7;7;7;4;4;4;3;3;3;7;7;7
6495;3;3;3;5;5;5;2;2;2;2;2;2;6;6;6
6505;5;5;5;3;3;3;10;10;10;1;1;1;6;6;6
6516;7;7;7;8;8;8;4;4;4;2;2;2;2;2;2
6526;7;7;7;5;5;5;0;0;0;6;6;6;7;7;7
6536;2;2;2;5;5;5;6;6;6;3;3;3;9;9;9
6546;5;5;5;3;3;3;4;4;4;7;7;7;7;7;7
6556;6;6;6;5;5;5;9;9;9;2;2;2;4;4;4
6566;2;2;2;7;7;7;1;1;1;5;5;5;5;5;5
6576;5;5;5;4;4;4;7;7;7;1;1;1;7;7;7
6586;7;7;7;9;9;9;9;9;9;4;4;4;6;6;6
6596;3;3;3;8;8;8;4;4;4;3;3;3;4;4;4
6606;2;2;2;5;5;5;6;6;6;6;6;6;3;3;3
6617;5;5;5;8;8;8;4;4;4;6;6;6;8;8;8
6627;7;7;7;4;4;4;8;8;8;3;3;3;4;4;4
6637;3;3;3;4;4;4;3;3;3;6;6;6;4;4;4
6647;4;4;4;6;6;6;2;2;2;4;4;4;6;6;6
6657;1;1;1;6;6;6;4;4;4;3;3;3;5;5;5
6668;3;3;3;8;8;8;6;6;6;3;3;3;4;4;4
6678;3;3;3;6;6;6;4;4;4;3;3;3;1;1;1
6688;4;4;4;2;2;2;7;7;7;5;5;5;10;10;10
6698;1;1;1;4;4;4;7;7;7;1;1;1;4;4;4
6708;2;2;2;10;10;10;3;3;3;2;2;2;9;9;9
6719;5;5;5;5;5;5;1;1;1;0;0;0;5;5;5
6729;3;3;3;6;6;6;5;5;5;4;4;4;5;5;5
6739;1;1;1;5;5;5;4;4;4;2;2;2;5;5;5
6749;2;2;2;4;4;4;7;7;7;6;6;6;7;7;7
6759;5;5;5;3;3;3;5;5;5;3;3;3;7;7;7
6770;3;3;3;6;6;6;5;5;5;4;4;4;4;4;4
6780;5;5;5;7;7;7;6;6;6;6;6;6;6;6;6
6790;2;2;2;4;4;4;7;7;7;1;1;1;5;5;5
6800;4;4;4;5;5;5;6;6;6;4;4;4;9;9;9
6810;2;2;2;6;6;6;6;6;6;2;2;2;4;4;4
6821;2;2;2;5;5;5;0;0;0;4;4;4;10;10;10
6831;5;5;5;7;7;7;9;9;9;4;4;4;4;4;4
6841;5;5;5;8;8;8;7;7;7;2;2;2;4;4;4
6851;7;7;7;3;3;3;7;7;7;1;1;1;4;4;4
6861;7;7;7;7;7;7;7;7;7;4;4;4;5;5;5
6872;4;4;4;3;3;3;2;2;2;5;5;5;3;3;3
6882;3;3;3;5;5;5;10;10;10;2;2;2;8;8;8
6892;6;6;6;8;8;8;5;5;5;5;5;5;6;6;6
6902;2;2;2;4;4;4;1;1;1;3;3;3;1;1;1
6912;6;6;6;6;6;6;5;5;5;5;5;5;3;3;3
6923;3;3;3;6;6;6;1;1;1;4;4;4;7;7;7
6933;4;4;4;7;7;7;2;2;2;3;3;3;6;6;6
6943;2;2;2;6;6;6;1;1;1;5;5;5;9;9;9
6953;9;9;9;7;7;7;2;2;2;5;5;5;8;8;8
6963;3;3;3;7;7;7;9;9;9;1;1;1;6;6;6
6974;9;9;9;5;5;5;8;8;8;4;4;4;6;6;6
6984;5;5;5;5;5;5;9;9;9;5;5;5;5;5;5
6994;6;6;6;6;6;6;4;4;4;6;6;6;2;2;2
7004;3;3;3;6;6;6;4;4;4;5;5;5;8;8;8
7014;5;5;5;8;8;8;6;6;6;1;1;1;3;3;3
7025;7;7;7;8;8;8;2;2;2;6;6;6;2;2;2
7035;4;4;4;3;3;3;8;8;8;3;3;3;5;5;5
7045;8;8;8;8;8;8;0;0;0;7;7;7;0;0;0
7055;3;3;3;5;5;5;1;1;1;6;6;6;9;9;9
7065;4;4;4;3;3;3;5;5;5;4;4;4;9;9;9
7075;8;8;8;5;5;5;5;5;5;4;4;4;4;4;4
7085;4;4;4;4;4;4;2;2;2;2;2;2;4;4;4
7095;6;6;6;3;3;3;3;3;3;2;2;2;10;10;10
7105;5;5;5;6;6;6;9;9;9;5;5;5;7;7;7
7115;8;8;8;6;6;6;6;6;6;4;4;4;7;7;7
7126;6;6;6;4;4;4;9;9;9;2;2;2;3;3;3
7136;3;3;3;9;9;9;6;6;6;3;3;3;5;5;5
7146;5;5;5;7;7;7;6;6;6;2;2;2;8;8;8
7156;5;5;5;7;7;7;7;7;7;4;4;4;8;8;8
7166;5;5;5;6;6;6;6;6;6;5;5;5;4;4;4
7177;6;6;6;4;4;4;5;5;5;5;5;5;3;3;3
7187;4;4;4;10;10;10;5;5;5;3;3;3;5;5;5
7197;3;3;3;6;6;6;6;6;6;2;2;2;7;7;7
7207;5;5;5;3;3;3;9;9;9;6;6;6;10;10;10
7217;4;4;4;8;8;8;5;5;5;3;3;3;3;3;3
7228;5;5;5;6;6;6;10;10;10;5;5;5;5;5;5
7238;6;6;6;5;5;5;4;4;4;5;5;5;6;6;6
7248;6;6;6;8;8;8;5;5;5;3;3;3;3;3;3
7258;3;3;3;8;8;8;8;8;8;1;1;1;10;10;10
7268;2;2;2;8;8;8;7;7;7;4;4;4;10;10;10
7279;2;2;2;5;5;5;6;6;6;3;3;3;6;6;6
7289;4;4;4;6;6;6;0;0;0;0;0;0;5;5;5
7299;3;3;3;5;5;5;3;3;3;8;8;8;8;8;8
7309;3;3;3;3;3;3;2;2;2;4;4;4;4;4;4
7319;7;7;7;7;7;7;6;6;6;2;2;2;8;8;8
7330;3;3;3;7;7;7;9;9;9;3;3;3;11;11;11
7340;2;2;2;5;5;5;8;8;8;3;3;3;10;10;10
7350;7;7;7;5;5;5;8;8;8;1;1;1;8;8;8
7360;5;5;5;5;5;5;6;6;6;3;3;3;10;10;10
7370;4;4;4;6;6;6;3;3;3;2;2;2;9;9;9
7381;3;3;3;6;6;6;9;9;9;1;1;1;7;7;7
7391;2;2;2;8;8;8;2;2;2;3;3;3;6;6;6
7401;4;4;4;7;7;7;4;4;4;5;5;5;5;5;5
7411;4;4;4;8;8;8;8;8;8;1;1;1;9;9;9
7421;4;4;4;6;6;6;7;7;7;3;3;3;4;4;4
7432;8;8;8;7;7;7;5;5;5;4;4;4;9;9;9
7442;4;4;4;4;4;4;8;8;8;3;3;3;5;5;5
7452;3;3;3;6;6;6;10;10;10;3;3;3;6;6;6
7462;6;6;6;4;4;4;6;6;6;4;4;4;6;6;6
7472;2;2;2;5;5;5;10;10;10;4;4;4;6;6;6
7483;5;5;5;6;6;6;4;4;4;1;1;1;5;5;5
7493;5;5;5;6;6;6;11;11;11;1;1;1;6;6;6
7503;5;5;5;6;6;6;9;9;9;6;6;6;3;3;3
7513;6;6;6;4;4;4;11;11;11;4;4;4;6;6;6
7523;2;2;2;6;6;6;2;2;2;5;5;5;12;12;12
7534;5;5;5;4;4;4;4;4;4;2;2;2;2;2;2
7544;3;3;3;8;8;8;8;8;8;6;6;6;7;7;7
7554;7;7;7;6;6;6;3;3;3;6;6;6;6;6;6
7564;4;4;4;4;4;4;8;8;8;5;5;5;4;4;4
7574;9;9;9;4;4;4;4;4;4;1;1;1;3;3;3
7584;2;2;2;4;4;4;8;8;8;2;2;2;8;8;8
7594;3;3;3;6;6;6;7;7;7;4;4;4;10;10;10
7604;5;5;5;5;5;5;2;2;2;4;4;4;11;11;11
7614;6;6;6;5;5;5;4;4;4;4;4;4;4;4;4
7624;2;2;2;8;8;8;2;2;2;5;5;5;4;4;4
7635;1;1;1;3;3;3;4;4;4;7;7;7;6;6;6
7645;5;5;5;4;4;4;7;7;7;2;2;2;6;6;6
7655;3;3;3;5;5;5;6;6;6;4;4;4;7;7;7
7665;4;4;4;3;3;3;3;3;3;2;2;2;9;9;9
7675;3;3;3;4;4;4;2;2;2;5;5;5;9;9;9
7686;4;4;4;3;3;3;6;6;6;6;6;6;9;9;9
7696;4;4;4;6;6;6;3;3;3;4;4;4;10;10;10
7706;1;1;1;6;6;6;6;6;6;4;4;4;10;10;10
7716;3;3;3;4;4;4;4;4;4;4;4;4;4;4;4
7726;1;1;1;6;6;6;2;2;2;5;5;5;10;10;10
7737;2;2;2;3;3;3;2;2;2;4;4;4;7;7;7
7747;6;6;6;3;3;3;6;6;6;4;4;4;2;2;2
7757;4;4;4;4;4;4;6;6;6;5;5;5;6;6;6
7767;3;3;3;6;6;6;3;3;3;2;2;2;11;11;11
7777;3;3;3;3;3;3;2;2;2;4;4;4;8;8;8
7788;3;3;3;7;7;7;6;6;6;7;7;7;8;8;8
7798;2;2;2;5;5;5;3;3;3;5;5;5;5;5;5
7808;3;3;3;5;5;5;1;1;1;5;5;5;7;7;7
7818;4;4;4;5;5;5;2;2;2;5;5;5;8;8;8
7828;1;1;1;6;6;6;1;1;1;2;2;2;8;8;8
7839;4;4;4;9;9;9;7;7;7;2;2;2;7;7;7
7849;5;5;5;6;6;6;2;2;2;3;3;3;7;7;7
7859;1;1;1;6;6;6;1;1;1;4;4;4;9;9;9
7869;4;4;4;5;5;5;2;2;2;2;2;2;10;10;10
7879;3;3;3;3;3;3;5;5;5;8;8;8;5;5;5
7890;5;5;5;2;2;2;2;2;2;3;3;3;7;7;7
7900;4;4;4;1;1;1;2;2;2;6;6;6;7;7;7
7910;4;4;4;6;6;6;2;2;2;4;4;4;10;10;10
7920;6;6;6;2;2;2;2;2;2;4;4;4;9;9;9
7930;6;6;6;4;4;4;5;5;5;8;8;8;10;10;10
7941;5;5;5;3;3;3;6;6;6;2;2;2;8;8;8
7951;5;5;5;7;7;7;8;8;8;6;6;6;8;8;8
7961;3;3;3;7;7;7;2;2;2;3;3;3;6;6;6
7971;4;4;4;5;5;5;3;3;3;3;3;3;10;10;10
7981;3;3;3;6;6;6;5;5;5;7;7;7;9;9;9
7992;5;5;5;3;3;3;9;9;9;1;1;1;8;8;8
8002;5;5;5;6;6;6;2;2;2;5;5;5;10;10;10
8012;7;7;7;4;4;4;6;6;6;3;3;3;5;5;5
8022;4;4;4;2;2;2;6;6;6;3;3;3;10;10;10
8032;3;3;3;7;7;7;3;3;3;3;3;3;9;9;9
8043;7;7;7;3;3;3;2;2;2;1;1;1;7;7;7
8053;5;5;5;7;7;7;7;7;7;3;3;3;13;13;13
8063;4;4;4;4;4;4;4;4;4;4;4;4;7;7;7
8073;5;5;5;7;7;7;5;5;5;4;4;4;10;10;10
8083;7;7;7;2;2;2;8;8;8;3;3;3;6;6;6
8093;3;3;3;4;4;4;6;6;6;7;7;7;11;11;11
8103;2;2;2;3;3;3;6;6;6;6;6;6;8;8;8
8113;3;3;3;3;3;3;5;5;5;4;4;4;12;12;12
8123;3;3;3;4;4;4;6;6;6;2;2;2;12;12;12
8133;4;4;4;5;5;5;8;8;8;1;1;1;5;5;5
8144;2;2;2;6;6;6;4;4;4;4;4;4;10;10;10
8154;4;4;4;2;2;2;6;6;6;8;8;8;7;7;7
8164;1;1;1;9;9;9;3;3;3;3;3;3;6;6;6
8174;7;7;7;3;3;3;1;1;1;1;1;1;10;10;10
8184;4;4;4;3;3;3;4;4;4;2;2;2;9;9;9
8195;3;3;3;2;2;2;9;9;9;4;4;4;6;6;6
8205;5;5;5;5;5;5;8;8;8;3;3;3;9;9;9
8215;2;2;2;2;2;2;2;2;2;5;5;5;6;6;6
8225;5;5;5;4;4;4;4;4;4;8;8;8;11;11;11
8235;5;5;5;4;4;4;8;8;8;3;3;3;10;10;10
8246;3;3;3;3;3;3;6;6;6;6;6;6;7;7;7
8256;2;2;2;6;6;6;4;4;4;5;5;5;9;9;9
8266;2;2;2;5;5;5;3;3;3;2;2;2;10;10;10
8276;1;1;1;8;8;8;12;12;12;3;3;3;9;9;9
8286;5;5;5;4;4;4;6;6;6;1;1;1;12;12;12
8297;3;3;3;6;6;6;5;5;5;3;3;3;7;7;7
8307;1;1;1;4;4;4;5;5;5;9;9;9;9;9;9
8317;2;2;2;6;6;6;2;2;2;4;4;4;3;3;3
8327;6;6;6;5;5;5;4;4;4;4;4;4;7;7;7
8337;2;2;2;7;7;7;7;7;7;8;8;8;11;11;11
8348;3;3;3;4;4;4;5;5;5;4;4;4;10;10;10
8358;5;5;5;4;4;4;7;7;7;6;6;6;9;9;9
8368;4;4;4;5;5;5;3;3;3;4;4;4;10;10;10
8378;4;4;4;6;6;6;4;4;4;3;3;3;10;10;10
8388;5;5;5;7;7;7;4;4;4;5;5;5;8;8;8
8399;5;5;5;4;4;4;8;8;8;4;4;4;11;11;11
8409;6;6;6;3;3;3;5;5;5;8;8;8;7;7;7
8419;2;2;2;5;5;5;1;1;1;4;4;4;7;7;7
8429;1;1;1;9;9;9;3;3;3;3;3;3;9;9;9
8439;6;6;6;4;4;4;3;3;3;4;4;4;7;7;7
8450;4;4;4;7;7;7;3;3;3;5;5;5;8;8;8
8460;3;3;3;7;7;7;2;2;2;4;4;4;8;8;8
8470;3;3;3;0;0;0;4;4;4;6;6;6;9;9;9
8480;3;3;3;4;4;4;4;4;4;9;9;9;9;9;9
8490;3;3;3;5;5;5;5;5;5;5;5;5;7;7;7
8501;0;0;0;2;2;2;8;8;8;4;4;4;4;4;4
8511;1;1;1;5;5;5;5;5;5;2;2;2;7;7;7
8521;7;7;7;7;7;7;2;2;2;2;2;2;9;9;9
8531;5;5;5;3;3;3;6;6;6;4;4;4;10;10;10
8541;2;2;2;2;2;2;4;4;4;6;6;6;6;6;6
8552;2;2;2;5;5;5;4;4;4;5;5;5;8;8;8
8562;3;3;3;3;3;3;4;4;4;4;4;4;10;10;10
8572;3;3;3;6;6;6;6;6;6;1;1;1;9;9;9
8582;4;4;4;9;9;9;2;2;2;7;7;7;5;5;5
8592;1;1;1;4;4;4;5;5;5;2;2;2;3;3;3
8602;2;2;2;1;1;1;4;4;4;4;4;4;10;10;10
8612;4;4;4;9;9;9;5;5;5;4;4;4;10;10;10
8622;2;2;2;3;3;3;5;5;5;5;5;5;8;8;8
8632;4;4;4;4;4;4;4;4;4;6;6;6;8;8;8
8642;4;4;4;4;4;4;3;3;3;2;2;2;9;9;9
8653;5;5;5;7;7;7;5;5;5;5;5;5;10;10;10
8663;4;4;4;0;0;0;5;5;5;5;5;5;4;4;4
8673;1;1;1;6;6;6;7;7;7;7;7;7;10;10;10
8683;1;1;1;4;4;4;5;5;5;3;3;3;10;10;10
8693;5;5;5;7;7;7;9;9;9;3;3;3;8;8;8
8704;1;1;1;4;4;4;6;6;6;7;7;7;6;6;6
8714;5;5;5;5;5;5;8;8;8;5;5;5;7;7;7
8724;2;2;2;6;6;6;5;5;5;4;4;4;9;9;9
8734;6;6;6;0;0;0;6;6;6;4;4;4;4;4;4
8744;1;1;1;8;8;8;9;9;9;3;3;3;7;7;7
8755;3;3;3;4;4;4;6;6;6;5;5;5;10;10;10
8765;3;3;3;6;6;6;5;5;5;4;4;4;9;9;9
8775;2;2;2;2;2;2;3;3;3;7;7;7;7;7;7
8785;3;3;3;3;3;3;7;7;7;7;7;7;6;6;6
8795;2;2;2;2;2;2;2;2;2;5;5;5;7;7;7
8806;1;1;1;6;6;6;4;4;4;4;4;4;7;7;7
8816;5;5;5;4;4;4;6;6;6;7;7;7;5;5;5
8826;4;4;4;4;4;4;6;6;6;2;2;2;9;9;9
8836;3;3;3;3;3;3;6;6;6;4;4;4;3;3;3
8846;3;3;3;8;8;8;4;4;4;4;4;4;7;7;7
8857;6;6;6;3;3;3;8;8;8;6;6;6;10;10;10
8867;4;4;4;8;8;8;3;3;3;3;3;3;4;4;4
8877;4;4;4;6;6;6;3;3;3;3;3;3;10;10;10
8887;3;3;3;4;4;4;6;6;6;4;4;4;8;8;8
8897;3;3;3;6;6;6;6;6;6;5;5;5;6;6;6
8908;3;3;3;4;4;4;5;5;5;6;6;6;7;7;7
8918;1;1;1;4;4;4;8;8;8;2;2;2;7;7;7
8928;2;2;2;2;2;2;8;8;8;9;9;9;7;7;7
8938;1;1;1;3;3;3;9;9;9;5;5;5;8;8;8
8948;6;6;6;4;4;4;6;6;6;5;5;5;8;8;8
8959;4;4;4;5;5;5;4;4;4;7;7;7;6;6;6
8969;1;1;1;5;5;5;8;8;8;7;7;7;5;5;5
8979;4;4;4;5;5;5;6;6;6;6;6;6;9;9;9
8989;4;4;4;3;3;3;6;6;6;1;1;1;9;9;9
8999;2;2;2;4;4;4;6;6;6;6;6;6;3;3;3
9010;5;5;5;3;3;3;6;6;6;5;5;5;5;5;5
9020;4;4;4;3;3;3;6;6;6;3;3;3;7;7;7
9030;1;1;1;2;2;2;7;7;7;5;5;5;6;6;6
9040;4;4;4;5;5;5;5;5;5;4;4;4;8;8;8
9050;4;4;4;2;2;2;4;4;4;5;5;5;9;9;9
9061;4;4;4;6;6;6;5;5;5;8;8;8;10;10;10
9071;;;;2;2;2;7;7;7;4;4;4;9;9;9
9081;;;;8;8;8;6;6;6;6;6;6;8;8;8
9091;;;;4;4;4;8;8;8;5;5;5;6;6;6
9101;;;;3;3;3;2;2;2;3;3;3;6;6;6
9111;;;;1;1;1;7;7;7;5;5;5;4;4;4
9121;;;;2;2;2;6;6;6;6;6;6;10;10;10
9131;;;;3;3;3;4;4;4;6;6;6;5;5;5
9141;;;;2;2;2;6;6;6;7;7;7;3;3;3
9151;;;;4;4;4;5;5;5;5;5;5;9;9;9
9162;;;;1;1;1;3;3;3;5;5;5;4;4;4
9172;;;;3;3;3;4;4;4;6;6;6;4;4;4
9182;;;;2;2;2;3;3;3;3;3;3;6;6;6
9192;;;;7;7;7;7;7;7;4;4;4;9;9;9
9202;;;;2;2;2;5;5;5;5;5;5;7;7;7
9213;;;;0;0;0;9;9;9;6;6;6;8;8;8
9223;;;;3;3;3;8;8;8;5;5;5;4;4;4
9233;;;;2;2;2;6;6;6;2;2;2;3;3;3
9243;;;;3;3;3;4;4;4;9;9;9;6;6;6
9253;;;;1;1;1;4;4;4;4;4;4;7;7;7
9264;;;;6;6;6;7;7;7;3;3;3;2;2;2
9274;;;;5;5;5;4;4;4;7;7;7;5;5;5
9284;;;;2;2;2;7;7;7;9;9;9;5;5;5
9294;;;;2;2;2;8;8;8;3;3;3;8;8;8
9304;;;;6;6;6;5;5;5;5;5;5;4;4;4
9315;;;;2;2;2;8;8;8;5;5;5;6;6;6
9325;;;;3;3;3;5;5;5;6;6;6;10;10;10
9335;;;;8;8;8;2;2;2;2;2;2;3;3;3
9345;;;;3;3;3;3;3;3;6;6;6;9;9;9
9355;;;;3;3;3;6;6;6;4;4;4;8;8;8
9366;;;;2;2;2;4;4;4;1;1;1;3;3;3
9376;;;;3;3;3;5;5;5;3;3;3;10;10;10
9386;;;;1;1;1;7;7;7;7;7;7;9;9;9
9396;;;;2;2;2;8;8;8;5;5;5;7;7;7
9406;;;;3;3;3;4;4;4;4;4;4;7;7;7
9417;;;;3;3;3;6;6;6;3;3;3;4;4;4
9427;;;;2;2;2;7;7;7;7;7;7;7;7;7
9437;;;;3;3;3;8;8;8;6;6;6;4;4;4
9447;;;;5;5;5;6;6;6;5;5;5;8;8;8
9457;;;;4;4;4;3;3;3;7;7;7;7;7;7
9468;;;;3;3;3;8;8;8;10;10;10;8;8;8
9478;;;;1;1;1;10;10;10;2;2;2;7;7;7
9488;;;;1;1;1;5;5;5;8;8;8;6;6;6
9498;;;;3;3;3;4;4;4;4;4;4;9;9;9
9508;;;;1;1;1;5;5;5;5;5;5;6;6;6
9519;;;;2;2;2;5;5;5;4;4;4;12;12;12
9529;;;;4;4;4;3;3;3;7;7;7;3;3;3
9539;;;;6;6;6;5;5;5;3;3;3;2;2;2
9549;;;;1;1;1;4;4;4;8;8;8;6;6;6
9559;;;;5;5;5;5;5;5;4;4;4;4;4;4
9570;;;;1;1;1;5;5;5;6;6;6;10;10;10
9580;;;;2;2;2;8;8;8;10;10;10;9;9;9
9590;;;;4;4;4;4;4;4;3;3;3;7;7;7
9600;;;;4;4;4;4;4;4;7;7;7;7;7;7
9610;;;;5;5;5;6;6;6;5;5;5;9;9;9
9620;;;;3;3;3;7;7;7;5;5;5;7;7;7
9630;;;;1;1;1;6;6;6;3;3;3;6;6;6
9640;;;;4;4;4;7;7;7;5;5;5;7;7;7
9650;;;;4;4;4;8;8;8;6;6;6;10;10;10
9660;;;;4;4;4;5;5;5;3;3;3;9;9;9
9671;;;;3;3;3;4;4;4;6;6;6;5;5;5
9681;;;;2;2;2;8;8;8;3;3;3;7;7;7
9691;;;;0;0;0;6;6;6;5;5;5;10;10;10
9701;;;;4;4;4;10;10;10;2;2;2;8;8;8
9711;;;;4;4;4;3;3;3;5;5;5;6;6;6
9722;;;;2;2;2;6;6;6;3;3;3;6;6;6
9732;;;;7;7;7;6;6;6;3;3;3;3;3;3
9742;;;;5;5;5;4;4;4;6;6;6;7;7;7
9752;;;;2;2;2;4;4;4;4;4;4;8;8;8
9762;;;;2;2;2;6;6;6;4;4;4;6;6;6
9773;;;;4;4;4;5;5;5;2;2;2;3;3;3
9783;;;;3;3;3;5;5;5;8;8;8;5;5;5
9793;;;;4;4;4;7;7;7;5;5;5;6;6;6
9803;;;;2;2;2;7;7;7;3;3;3;4;4;4
9813;;;;6;6;6;4;4;4;7;7;7;6;6;6
9824;;;;1;1;1;9;9;9;8;8;8;7;7;7
9834;;;;5;5;5;5;5;5;9;9;9;6;6;6
9844;;;;1;1;1;5;5;5;6;6;6;7;7;7
9854;;;;4;4;4;4;4;4;1;1;1;9;9;9
9864;;;;0;0;0;6;6;6;4;4;4;10;10;10
9875;;;;1;1;1;4;4;4;6;6;6;9;9;9
9885;;;;2;2;2;4;4;4;2;2;2;7;7;7
9895;;;;2;2;2;6;6;6;8;8;8;9;9;9
9905;;;;1;1;1;4;4;4;6;6;6;9;9;9
9915;;;;2;2;2;8;8;8;6;6;6;5;5;5
9926;;;;4;4;4;5;5;5;11;11;11;4;4;4
9936;;;;2;2;2;4;4;4;4;4;4;3;3;3
9946;;;;8;8;8;4;4;4;3;3;3;8;8;8
9956;;;;4;4;4;5;5;5;1;1;1;7;7;7
9966;;;;1;1;1;9;9;9;4;4;4;3;3;3
9977;;;;2;2;2;2;2;2;7;7;7;9;9;9
9987;;;;2;2;2;7;7;7;2;2;2;10;10;10
9997;;;;7;7;7;5;5;5;5;5;5;9;9;9
10007;;;;5;5;5;3;3;3;2;2;2;7;7;7
10017;;;;2;2;2;4;4;4;5;5;5;12;12;12
10028;;;;;;;6;6;6;5;5;5;5;5;5
10038;;;;;;;4;4;4;11;11;11;3;3;3
10048;;;;;;;7;7;7;2;2;2;8;8;8
10058;;;;;;;6;6;6;5;5;5;6;6;6
10068;;;;;;;5;5;5;8;8;8;6;6;6
10079;;;;;;;5;5;5;8;8;8;8;8;8
10089;;;;;;;3;3;3;4;4;4;6;6;6
10099;;;;;;;5;5;5;2;2;2;5;5;5
10109;;;;;;;8;8;8;4;4;4;5;5;5
10119;;;;;;;;;;4;4;4;6;6;6
10129;;;;;;;;;;5;5;5;7;7;7
10139;;;;;;;;;;3;3;3;7;7;7
10149;;;;;;;;;;7;7;7;6;6;6
10159;;;;;;;;;;7;7;7;5;5;5
10169;;;;;;;;;;7;7;7;8;8;8
10180;;;;;;;;;;5;5;5;5;5;5
10190;;;;;;;;;;5;5;5;6;6;6
10200;;;;;;;;;;2;2;2;7;7;7
10210;;;;;;;;;;3;3;3;7;7;7
10220;;;;;;;;;;3;3;3;10;10;10
10231;;;;;;;;;;7;7;7;10;10;10
10241;;;;;;;;;;4;4;4;6;6;6
10251;;;;;;;;;;5;5;5;9;9;9
10261;;;;;;;;;;2;2;2;5;5;5
10271;;;;;;;;;;4;4;4;10;10;10
10282;;;;;;;;;;8;8;8;11;11;11
10292;;;;;;;;;;3;3;3;9;9;9
10302;;;;;;;;;;3;3;3;9;9;9
10312;;;;;;;;;;6;6;6;11;11;11
10322;;;;;;;;;;4;4;4;9;9;9
10333;;;;;;;;;;8;8;8;7;7;7
10343;;;;;;;;;;4;4;4;6;6;6
10353;;;;;;;;;;7;7;7;8;8;8
10363;;;;;;;;;;2;2;2;6;6;6
10373;;;;;;;;;;6;6;6;4;4;4
10384;;;;;;;;;;5;5;5;9;9;9
10394;;;;;;;;;;6;6;6;9;9;9
10404;;;;;;;;;;5;5;5;5;5;5
10414;;;;;;;;;;4;4;4;10;10;10
10424;;;;;;;;;;3;3;3;0;0;0
10435;;;;;;;;;;8;8;8;9;9;9
10445;;;;;;;;;;5;5;5;5;5;5
10455;;;;;;;;;;6;6;6;13;13;13
10465;;;;;;;;;;5;5;5;10;10;10
10475;;;;;;;;;;5;5;5;9;9;9
10486;;;;;;;;;;5;5;5;6;6;6
10496;;;;;;;;;;8;8;8;9;9;9
10506;;;;;;;;;;3;3;3;9;9;9
10516;;;;;;;;;;8;8;8;8;8;8
;;;;;;;;;;;;;;;
;;;;;;;;;;;;;;;
10455;"3,246753247";"3,246753247";"3,246753247";"3,713450292";"3,713450292";"3,713450292";"5,355555556";"5,355555556";"5,355555556";"4,9";"4,9";"4,9";"7,221238938";"7,163636364";"7,163636364"
