Step;name: no_q_coord - Train/train_Tot_reward;name: no_q_coord - Train/train_Tot_reward__MIN;name: no_q_coord - Train/train_Tot_reward__MAX;name: no_coord_w - Train/train_Tot_reward;name: no_coord_w - Train/train_Tot_reward__MIN;name: no_coord_w - Train/train_Tot_reward__MAX;name: inverse_mask - Train/train_Tot_reward;name: inverse_mask - Train/train_Tot_reward__MIN;name: inverse_mask - Train/train_Tot_reward__MAX;name: true_mask - Train/train_Tot_reward;name: true_mask - Train/train_Tot_reward__MIN;name: true_mask - Train/train_Tot_reward__MAX;name: eval - Train/train_Tot_reward;name: eval - Train/train_Tot_reward__MIN;name: eval - Train/train_Tot_reward__MAX
62;"17,52";"17,52";"17,52";"17,52";"17,52";"17,52";"17,52";"17,52";"17,52";"17,52";"17,52";"17,52";190.875;"16,86";24.740.000.000.000.000
118;;;;;;;;;;;;;30.939.999.999.999.900;30.939.999.999.999.900;30.939.999.999.999.900
125;;;;;;;;;;;;;23.200.000.000.000.000;23.200.000.000.000.000;23.200.000.000.000.000
126;69.399.999.999.999.900;69.399.999.999.999.900;69.399.999.999.999.900;0;0;0;"14,78";"14,78";"14,78";8.379.999.999.999.990;8.379.999.999.999.990;8.379.999.999.999.990;68.500.000.000.000.000;0;"8,22"
182;;;;;;;;;;;;;"22,96";"22,96";"22,96"
189;0;0;0;0;0;0;"5,46";"5,46";"5,46";0;0;0;7.082.857.142.857.140;0;"22,28"
245;;;;;;;;;;;;;0;0;0
252;11.129.999.999.999.900;"7,08";"15,18";0;0;0;"7,08";"7,08";"7,08";0;0;0;7.231.428.571.428.570;0;15.219.999.999.999.900
308;;;;;;;;;;;;;15.180.000.000.000.000;15.180.000.000.000.000;15.180.000.000.000.000
315;0;0;0;"5,62";"5,62";"5,62";0;0;0;0;0;0;8.134.285.714.285.710;"5,6";22.299.999.999.999.900
371;;;;;;;;;;;;;17.400.000.000.000.000;17.400.000.000.000.000;17.400.000.000.000.000
378;;;;;;;;;;;;;"9,1";"9,1";"9,1"
379;0;0;0;0;0;0;0;0;0;0;0;0;35.533.333.333.333.300;0;"21,32"
435;;;;;;;;;;;;;"14,62";"14,62";"14,62"
442;0;0;0;0;0;0;0;0;0;"15,08";"15,08";"15,08";5.137.142.857.142.850;0;"19,1"
498;;;;;;;;;;;;;"7,88";"7,88";"7,88"
505;"11,32";"11,32";"11,32";"17,48";"17,48";"17,48";"6,38";"6,38";"6,38";0;0;0;13.485.714.285.714.200;0;"17,78"
561;;;;;;;;;;;;;7.779.999.999.999.990;7.779.999.999.999.990;7.779.999.999.999.990
568;"2,87";0;"5,74";0;0;0;"5,92";"5,92";"5,92";"7,52";"7,52";"7,52";31.714.285.714.285.700;0;"16,96"
615;;;;;;;;;;;;;"26,34";"26,34";"26,34"
624;;;;;;;;;;;;;"11,52";"11,52";"11,52"
632;0;0;0;0;0;0;0;0;0;"7,2";"7,2";"7,2";14.966.666.666.666.600;0;"8,98"
678;;;;;;;;;;;;;"6,86";"6,86";"6,86"
688;;;;;;;;;;;;;"5,62";"5,62";"5,62"
693;;;;;;;;;;"30,7";"30,7";"30,7";;;
695;0;0;0;0;0;0;"5,8";"5,8";"5,8";;;;7.993.333.333.333.330;"5,8";"18,96"
741;;;;;;;;;;;;;"8,48";"8,48";"8,48"
751;;;;;;;;;;;;;9.219.999.999.999.990;9.219.999.999.999.990;9.219.999.999.999.990
757;;;;;;;;;;0;0;0;;;
758;"2,87";0;"5,74";0;0;0;0;0;0;;;;0;0;0
804;;;;;;;;;;;;;11.120.000.000.000.000;11.120.000.000.000.000;11.120.000.000.000.000
814;;;;;;;;;;;;;0;0;0
820;;;;;;;;;;"7,7";"7,7";"7,7";;;
821;"10,26";"6,78";"13,74";"13,68";"13,68";"13,68";0;0;0;;;;15.766.666.666.666.600;0;"9,46"
868;;;;;;;;;;;;;"16,34";"16,34";"16,34"
877;;;;;;;;;;;;;"7,1";"7,1";"7,1"
883;;;;;;;;;;"17,4";"17,4";"17,4";;;
885;"3,77";0;"7,54";13.100.000.000.000.000;13.100.000.000.000.000;13.100.000.000.000.000;0;0;0;;;;13.680.000.000.000.000;13.100.000.000.000.000;"16,58"
931;;;;;;;;;;;;;0;0;0
941;;;;;;;;;;;;;"8,94";"8,94";"8,94"
946;;;;;;;;;;14.379.999.999.999.900;14.379.999.999.999.900;14.379.999.999.999.900;;;
948;0;0;0;0;0;0;0;0;0;;;;15.366.666.666.666.600;0;9.219.999.999.999.990
994;;;;;;;;;;;;;"14,32";"14,32";"14,32"
997;;;;;;;;;;;;;27.880.000.000.000.000;27.880.000.000.000.000;27.880.000.000.000.000
1004;;;;;;;;;;;;;16.240.000.000.000.000;16.240.000.000.000.000;16.240.000.000.000.000
1010;;;;;;;;;;"6,1";"6,1";"6,1";;;
1011;0;0;0;0;0;0;0;0;0;;;;"7,26";"7,26";"7,26"
1057;;;;;;;;;;;;;21.380.000.000.000.000;21.380.000.000.000.000;21.380.000.000.000.000
1060;;;;;;;;;;;;;"12,92";"12,92";"12,92"
1067;;;;;;;;;;;;;"5,66";"5,66";"5,66"
1073;;;;;;;;;;0;0;0;;;
1074;0;0;0;0;0;0;0;0;0;;;;0;0;0
1121;;;;;;;;;;;;;59.399.999.999.999.900;59.399.999.999.999.900;59.399.999.999.999.900
1123;;;;;;;;;;;;;0;0;0
1130;;;;;;;;;;;;;"9,4";"9,4";"9,4"
1136;;;;;;;;;;"6,48";"6,48";"6,48";;;
1138;"2,69";0;"5,38";0;0;0;0;0;0;;;;0;0;0
1184;;;;;;;;;;;;;"17,28";"17,28";"17,28"
1186;;;;;;;;;;;;;"8,54";"8,54";"8,54"
1194;;;;;;;;;;;;;"13,86";"13,86";"13,86"
1199;;;;;;;;;;"5,8";"5,8";"5,8";;;
1201;0;0;0;"7,74";"7,74";"7,74";"7,74";"7,74";"7,74";;;;"7,74";"7,74";"7,74"
1247;;;;;;;;;;;;;11.739.999.999.999.900;11.739.999.999.999.900;11.739.999.999.999.900
1250;;;;;;;;;;;;;0;0;0
1257;;;;;;;;;;;;;"8,42";"8,42";"8,42"
1263;;;;;;;;;;"6,98";"6,98";"6,98";;;
1264;0;0;0;0;0;0;0;0;0;;;;"7,7";"7,7";"7,7"
1310;;;;;;;;;;;;;"22,22";"22,22";"22,22"
1313;;;;;;;;;;;;;"6,18";"6,18";"6,18"
1320;;;;;;;;;;;;;"8,68";"8,68";"8,68"
1326;;;;;;;;;;"9,08";"9,08";"9,08";;;
1327;5.640.000.000.000.000;0;11.280.000.000.000.000;"6,24";"6,24";"6,24";"9,6";"9,6";"9,6";;;;"9,6";"9,6";"9,6"
1374;;;;;;;;;;;;;"9,66";"9,66";"9,66"
1376;;;;;;;;;;;;;"8,56";"8,56";"8,56"
1383;;;;;;;;;;;;;"6,3";"6,3";"6,3"
1389;;;;;;;;;;0;0;0;;;
1391;61.899.999.999.999.900;0;12.379.999.999.999.900;"6,76";"6,76";"6,76";"6,76";"6,76";"6,76";;;;"5,04";"5,04";"5,04"
1437;;;;;;;;;;;;;15.940.000.000.000.000;15.940.000.000.000.000;15.940.000.000.000.000
1439;;;;;;;;;;;;;15.520.000.000.000.000;15.520.000.000.000.000;15.520.000.000.000.000
1447;;;;;;;;;;;;;"8,54";"8,54";"8,54"
1452;;;;;;;;;;"5,5";"5,5";"5,5";;;
1454;"2,9";0;"5,8";0;0;0;0;0;0;;;;0;0;0
1500;;;;;;;;;;;;;24.759.999.999.999.900;24.759.999.999.999.900;24.759.999.999.999.900
1503;;;;;;;;;;;;;"9,02";"9,02";"9,02"
1510;;;;;;;;;;;;;"5,72";"5,72";"5,72"
1516;;;;;;;;;;"15,98";"15,98";"15,98";;;
1517;"3,59";0;"7,18";"17,98";"17,98";"17,98";14.440.000.000.000.000;14.440.000.000.000.000;14.440.000.000.000.000;;;;"13,36";"13,36";"13,36"
1563;;;;;;;;;;;;;"8,96";"8,96";"8,96"
1566;;;;;;;;;;;;;"5,92";"5,92";"5,92"
1573;;;;;;;;;;;;;"16,58";"16,58";"16,58"
1579;;;;;;;;;;0;0;0;;;
1580;0;0;0;"7,18";"7,18";"7,18";0;0;0;;;;0;0;0
1627;;;;;;;;;;;;;15;15;15
1629;;;;;;;;;;;;;"8,52";"8,52";"8,52"
1636;;;;;;;;;;;;;8.620.000.000.000.000;8.620.000.000.000.000;8.620.000.000.000.000
1642;;;;;;;;;;"10,78";"10,78";"10,78";;;
1644;"2,65";0;"5,3";"5,46";"5,46";"5,46";"8,3";"8,3";"8,3";;;;8.120.000.000.000.000;8.120.000.000.000.000;8.120.000.000.000.000
1690;;;;;;;;;;;;;0;0;0
1692;;;;;;;;;;;;;"5,1";"5,1";"5,1"
1700;;;;;;;;;;;;;"16,4";"16,4";"16,4"
1705;;;;;;;;;;"8,4";"8,4";"8,4";;;
1707;"14,66";"14,66";"14,66";"5,26";"5,26";"5,26";7.859.999.999.999.990;7.859.999.999.999.990;7.859.999.999.999.990;;;;"7,76";"7,76";"7,76"
1753;;;;;;;;;;;;;"8,58";"8,58";"8,58"
1756;;;;;;;;;;;;;0;0;0
1763;;;;;;;;;;;;;"9,24";"9,24";"9,24"
1769;;;;;;;;;;"5,06";"5,06";"5,06";;;
1770;"10,91";70.600.000.000.000.000;"14,76";0;0;0;"7,42";"7,42";"7,42";;;;"6,5";"6,5";"6,5"
1816;;;;;;;;;;;;;"8,9";"8,9";"8,9"
1819;;;;;;;;;;;;;"7,1";"7,1";"7,1"
1826;;;;;;;;;;;;;13.100.000.000.000.000;13.100.000.000.000.000;13.100.000.000.000.000
1832;;;;;;;;;;0;0;0;;;
1833;"11,68";"10,86";"12,5";0;0;0;0;0;0;;;;15.819.999.999.999.900;"15,82";"15,82"
1880;;;;;;;;;;;;;19;19;19
1882;;;;;;;;;;;;;"5,66";"5,66";"5,66"
1889;;;;;;;;;;;;;"21,02";"21,02";"21,02"
1895;;;;;;;;;;0;0;0;;;
1897;"16,25";15.920.000.000.000.000;"16,58";"9,58";"9,58";"9,58";"23,98";"23,98";"23,98";;;;18;18;18
1943;;;;;;;;;;;;;"8,36";"8,36";"8,36"
1945;;;;;;;;;;;;;7.140.000.000.000.000;7.140.000.000.000.000;7.140.000.000.000.000
1953;;;;;;;;;;;;;"8,86";"8,86";"8,86"
1958;;;;;;;;;;0;0;0;;;
1960;"8,71";"5,3";12.120.000.000.000.000;"6,9";"6,9";"6,9";"6,9";"6,9";"6,9";;;;9.120.000.000.000.000;9.120.000.000.000.000;9.120.000.000.000.000
2006;;;;;;;;;;;;;16.799.999.999.999.900;16.799.999.999.999.900;16.799.999.999.999.900
2009;;;;;;;;;;;;;14.100.000.000.000.000;14.100.000.000.000.000;14.100.000.000.000.000
2016;;;;;;;;;;;;;"15,26";"15,26";"15,26"
2022;;;;;;;;;;"8,02";"8,02";"8,02";;;
2023;"11,93";"8,76";15.100.000.000.000.000;0;0;0;"5,08";"5,08";"5,08";;;;7.840.000.000.000.000;"7,84";"7,84"
2069;;;;;;;;;;;;;15.620.000.000.000.000;15.620.000.000.000.000;15.620.000.000.000.000
2072;;;;;;;;;;;;;"15,7";"15,7";"15,7"
2079;;;;;;;;;;;;;"12,26";"12,26";"12,26"
2085;;;;;;;;;;7.779.999.999.999.990;7.779.999.999.999.990;7.779.999.999.999.990;;;
2086;12.940.000.000.000.000;12.620.000.000.000.000;13.260.000.000.000.000;0;0;0;"7,66";"7,66";"7,66";;;;"8,94";"8,94";"8,94"
2133;;;;;;;;;;;;;"16,4";"16,4";"16,4"
2135;;;;;;;;;;;;;0;0;0
2142;;;;;;;;;;;;;"9,14";"9,14";"9,14"
2148;;;;;;;;;;"5,22";"5,22";"5,22";;;
2150;4.720.000.000.000.000;0;9.440.000.000.000.000;"9,02";"9,02";"9,02";0;0;0;;;;15.960.000.000.000.000;"15,96";"15,96"
2196;;;;;;;;;;;;;69.399.999.999.999.900;69.399.999.999.999.900;69.399.999.999.999.900
2198;;;;;;;;;;;;;"6,8";"6,8";"6,8"
2206;;;;;;;;;;;;;"9,52";"9,52";"9,52"
2211;;;;;;;;;;"9,1";"9,1";"9,1";;;
2213;8.129.999.999.999.990;"5,02";"11,24";"17,28";"17,28";"17,28";0;0;0;;;;"5,52";"5,52";"5,52"
2259;;;;;;;;;;;;;"17,28";"17,28";"17,28"
2262;;;;;;;;;;;;;"18,18";"18,18";"18,18"
2269;;;;;;;;;;;;;"12,9";"12,9";"12,9"
2275;;;;;;;;;;"7,16";"7,16";"7,16";;;
2276;"9,91";0;"19,82";0;0;0;0;0;0;;;;"15,52";"15,52";"15,52"
2322;;;;;;;;;;;;;"8,74";"8,74";"8,74"
2325;;;;;;;;;;;;;"16,72";"16,72";"16,72"
2332;;;;;;;;;;;;;14.599.999.999.999.900;14.599.999.999.999.900;14.599.999.999.999.900
2338;;;;;;;;;;"8,32";"8,32";"8,32";;;
2339;"3,49";0;"6,98";0;0;0;0;0;0;;;;"13,86";"13,86";"13,86"
2386;;;;;;;;;;;;;"16,04";"16,04";"16,04"
2388;;;;;;;;;;;;;"6,98";"6,98";"6,98"
2395;;;;;;;;;;;;;9.379.999.999.999.990;9.379.999.999.999.990;9.379.999.999.999.990
2401;;;;;;;;;;0;0;0;;;
2403;"11,98";"8,64";"15,32";0;0;0;"16,22";"16,22";"16,22";;;;74.399.999.999.999.900;74.399.999.999.999.900;74.399.999.999.999.900
2438;;;;;;;;;;;;;"30,66";"30,66";"30,66"
2451;;;;;;;;;;;;;"16,86";"16,86";"16,86"
2459;;;;;;;;;;;;;"8,54";"8,54";"8,54"
2464;;;;;;;;;;"13,7";"13,7";"13,7";;;
2466;20.619.999.999.999.900;16.619.999.999.999.900;24.619.999.999.999.900;"14,6";"14,6";"14,6";22.840.000.000.000.000;22.840.000.000.000.000;22.840.000.000.000.000;;;;23.259.999.999.999.900;23.259.999.999.999.900;23.259.999.999.999.900
2501;;;;;;;;;;;;;"11,9";"11,9";"11,9"
2515;;;;;;;;;;;;;"13,46";"13,46";"13,46"
2522;;;;;;;;;;;;;"7,76";"7,76";"7,76"
2528;;;;;;;;;;0;0;0;;;
2529;"2,6";0;"5,2";9.120.000.000.000.000;9.120.000.000.000.000;9.120.000.000.000.000;0;0;0;;;;0;0;0
2565;;;;;;;;;;;;;"24,52";"24,52";"24,52"
2578;;;;;;;;;;;;;"6,66";"6,66";"6,66"
2585;;;;;;;;;;;;;14.780.000.000.000.000;14.780.000.000.000.000;14.780.000.000.000.000
2591;;;;;;;;;;"8,84";"8,84";"8,84";;;
2592;"11,59";"8,78";14.399.999.999.999.900;"8,08";"8,08";"8,08";"22,14";"22,14";"22,14";;;;"26,32";"26,32";"26,32"
2628;;;;;;;;;;;;;13.059.999.999.999.900;13.059.999.999.999.900;13.059.999.999.999.900
2641;;;;;;;;;;;;;"7,42";"7,42";"7,42"
2648;;;;;;;;;;;;;"15,34";"15,34";"15,34"
2654;;;;;;;;;;"5,52";"5,52";"5,52";;;
2656;"20,91";"20,14";"21,68";16.020.000.000.000.000;16.020.000.000.000.000;16.020.000.000.000.000;21.240.000.000.000.000;21.240.000.000.000.000;21.240.000.000.000.000;;;;"22,66";"22,66";"22,66"
2664;;;;;;;;;;;;;"32,64";"32,64";"32,64"
2704;;;;;;;;;;;;;9;9;9
2712;;;;;;;;;;;;;"14,62";"14,62";"14,62"
2717;;;;;;;;;;"6,24";"6,24";"6,24";;;
2719;"10,71";7.779.999.999.999.990;"13,64";"7,98";"7,98";"7,98";"14,68";"14,68";"14,68";;;;8.379.999.999.999.990;8.379.999.999.999.990;8.379.999.999.999.990
2727;;;;;;;;;;;;;"17,72";"17,72";"17,72"
2760;;;;;;;;;;;;;"29,64";"29,64";"29,64"
2768;;;;;;;;;;;;;75.600.000.000.000.000;75.600.000.000.000.000;75.600.000.000.000.000
2781;;;;;;;;;;"8,48";"8,48";"8,48";;;
2782;"19,07";"16,22";21.919.999.999.999.900;"8,64";"8,64";"8,64";"17,38";"17,38";"17,38";;;;"24,5";"24,5";"24,5"
2790;;;;;;;;;;;;;0;0;0
2824;;;;;;;;;;;;;20.659.999.999.999.900;20.659.999.999.999.900;20.659.999.999.999.900
2831;;;;;;;;;;;;;18.020.000.000.000.000;18.020.000.000.000.000;18.020.000.000.000.000
2844;;;;;;;;;;13.379.999.999.999.900;13.379.999.999.999.900;13.379.999.999.999.900;;;
2845;"7,24";"6,26";"8,22";20.020.000.000.000.000;20.020.000.000.000.000;20.020.000.000.000.000;"16,54";"16,54";"16,54";;;;23.860.000.000.000.000;23.860.000.000.000.000;23.860.000.000.000.000
2853;;;;;;;;;;;;;22.380.000.000.000.000;22.380.000.000.000.000;22.380.000.000.000.000
2883;;;;;;;;;;;;;"26,16";"26,16";"26,16"
2894;;;;;;;;;;;;;"6,3";"6,3";"6,3"
2907;;;;;;;;;;"5,58";"5,58";"5,58";;;
2909;"2,5";0;5;0;0;0;"21,78";"21,78";"21,78";;;;14.059.999.999.999.900;"14,06";"14,06"
2917;;;;;;;;;;;;;22.259.999.999.999.900;22.259.999.999.999.900;22.259.999.999.999.900
2947;;;;;;;;;;;;;"15,48";"15,48";"15,48"
2951;;;;;;;;;;;;;31.519.999.999.999.900;31.519.999.999.999.900;31.519.999.999.999.900
2957;;;;;;;;;;;;;9.280.000.000.000.000;9.280.000.000.000.000;9.280.000.000.000.000
2961;;;;;;;;;;;;;"29,82";"29,82";"29,82"
2969;;;;26.019.999.999.999.900;26.019.999.999.999.900;26.019.999.999.999.900;;;;;;;;;
2970;;;;;;;;;;"8,92";"8,92";"8,92";;;
2972;15.259.999.999.999.900;7.859.999.999.999.990;22.659.999.999.999.900;;;;"8,06";"8,06";"8,06";;;;;;
3010;;;;;;;;;;;;;"14,16";"14,16";"14,16"
3014;;;;;;;;;;;;;8.379.999.999.999.990;8.379.999.999.999.990;8.379.999.999.999.990
3021;;;;;;;;;;;;;17.439.999.999.999.900;17.439.999.999.999.900;17.439.999.999.999.900
3024;;;;;;;;;;;;;"20,18";"20,18";"20,18"
3032;;;;"13,3";"13,3";"13,3";;;;;;;;;
3034;;;;;;;;;;0;0;0;;;
3035;"2,98";0;"5,96";;;;15;15;15;;;;;;
3073;;;;;;;;;;;;;"19,96";"19,96";"19,96"
3077;;;;;;;;;;;;;19.740.000.000.000.000;19.740.000.000.000.000;19.740.000.000.000.000
3084;;;;;;;;;;;;;13.379.999.999.999.900;13.379.999.999.999.900;13.379.999.999.999.900
3088;;;;;;;;;;;;;"24,66";"24,66";"24,66"
3095;;;;0;0;0;;;;;;;;;
3097;;;;;;;;;;"9,26";"9,26";"9,26";;;
3098;"6,66";"5,8";"7,52";;;;"9,48";"9,48";"9,48";;;;;;
3136;;;;;;;;;;;;;24.119.999.999.999.900;24.119.999.999.999.900;24.119.999.999.999.900
3140;;;;;;;;;;;;;"24,12";"24,12";"24,12"
3147;;;;;;;;;;;;;"16,94";"16,94";"16,94"
3151;;;;;;;;;;;;;"6,82";"6,82";"6,82"
3155;;;;"25,72";"25,72";"25,72";;;;;;;;;
3160;;;;;;;;;;"13,3";"13,3";"13,3";;;
3162;16.060.000.000.000.000;12.440.000.000.000.000;"19,68";;;;"24,44";"24,44";"24,44";;;;;;
3199;;;;;;;;;;;;;"30,46";"30,46";"30,46"
3200;;;;;;;;;;;;;"23,46";"23,46";"23,46"
3204;;;;;;;;;;;;;"22,08";"22,08";"22,08"
3210;;;;;;;;;;;;;"6,02";"6,02";"6,02"
3218;;;;"13,36";"13,36";"13,36";;;;;;;;;
3223;;;;;;;;;;20.060.000.000.000.000;20.060.000.000.000.000;20.060.000.000.000.000;;;
3225;"15,22";"14,98";"15,46";;;;"15,16";"15,16";"15,16";;;;;;
3253;;;;;;;;;;;;;"30,7";"30,7";"30,7"
3263;;;;;;;;;;;;;18.419.999.999.999.900;18.419.999.999.999.900;18.419.999.999.999.900
3267;;;;;;;;;;;;;"16,64";"16,64";"16,64"
3274;;;;;;;;;;;;;"8,14";"8,14";"8,14"
3281;;;;15.399.999.999.999.900;15.399.999.999.999.900;15.399.999.999.999.900;;;;;;;;;
3287;;;;;;;;;;"6,68";"6,68";"6,68";;;
3288;14.290.000.000.000.000;"13,96";14.620.000.000.000.000;;;;"8,96";"8,96";"8,96";;;;;;
3316;;;;;;;;;;;;;"23,52";"23,52";"23,52"
3326;;;;;;;;;;31.159.999.999.999.900;31.159.999.999.999.900;31.159.999.999.999.900;"17,32";"17,32";"17,32"
3329;;;;;;;;;;;;;30.059.999.999.999.900;"30,06";"30,06"
3337;;;;;;;;;;;;;"17,84";"17,84";"17,84"
3344;;;;14.559.999.999.999.900;14.559.999.999.999.900;14.559.999.999.999.900;;;;;;;;;
3351;"11,8";"8,56";"15,04";;;;15.920.000.000.000.000;15.920.000.000.000.000;15.920.000.000.000.000;;;;;;
3371;;;;;;;;;;;;;"30,6";"30,6";"30,6"
3379;;;;;;;;;;;;;"24,48";"24,48";"24,48"
3389;;;;;;;;;;"15,4";"15,4";"15,4";;;
3392;;;;;;;;;;;;;21.779.999.999.999.900;21.779.999.999.999.900;21.779.999.999.999.900
3400;;;;;;;;;;;;;9.379.999.999.999.990;9.379.999.999.999.990;9.379.999.999.999.990
3408;;;;"5,06";"5,06";"5,06";;;;;;;;;
3415;"17,43";"13,76";"21,1";;;;12.620.000.000.000.000;12.620.000.000.000.000;12.620.000.000.000.000;;;;;;
3418;;;;;;;;;;;;;"31,5";"31,5";"31,5"
3420;;;;;;;;;;;;;"30,42";"30,42";"30,42"
3442;;;;;;;;;;28.919.999.999.999.900;28.919.999.999.999.900;28.919.999.999.999.900;;;
3456;;;;;;;;;;;;;14.419.999.999.999.900;"14,42";"14,42"
3463;;;;;;;;;;;;;"26,18";"26,18";"26,18"
3468;;;;;;;;;;;;;"32,46";"32,46";"32,46"
3471;;;;26.680.000.000.000.000;26.680.000.000.000.000;26.680.000.000.000.000;;;;;;;;;
3478;"19,32";"15,7";22.939.999.999.999.900;;;;"14,76";"14,76";"14,76";;;;;;
3483;;;;;;;;;;;;;23.259.999.999.999.900;23.259.999.999.999.900;23.259.999.999.999.900
3505;;;;;;;;;;9.559.999.999.999.990;9.559.999.999.999.990;9.559.999.999.999.990;;;
3508;;;;;;;;;;;;;30.659.999.999.999.900;30.659.999.999.999.900;30.659.999.999.999.900
3519;;;;;;;;;;;;;"34,02";"34,02";"34,02"
3527;;;;;;;;;;;;;"9,48";"9,48";"9,48"
3529;;;;;;;29.419.999.999.999.900;29.419.999.999.999.900;29.419.999.999.999.900;;;;;;
3530;;;;27.939.999.999.999.900;27.939.999.999.999.900;27.939.999.999.999.900;;;;;;;;;
3531;;;;;;;;;;;;;24.340.000.000.000.000;24.340.000.000.000.000;24.340.000.000.000.000
3541;14.879.999.999.999.900;7.779.999.999.999.990;"21,98";;;;;;;;;;;;
3549;;;;;;;;;;;;;31.860.000.000.000.000;"31,86";"31,86"
3557;;;;;;;;;;;;;33.040.000.000.000.000;33.040.000.000.000.000;33.040.000.000.000.000
3569;;;;;;;;;;"23,28";"23,28";"23,28";;;
3570;;;;;;;;;;;;;"32,62";"32,62";"32,62"
3590;;;;;;;;;;;;;"16,52";"16,52";"16,52"
3592;;;;;;;14.180.000.000.000.000;14.180.000.000.000.000;14.180.000.000.000.000;;;;;;
3593;;;;"22,54";"22,54";"22,54";;;;;;;;;
3604;"9,5";"6,22";12.780.000.000.000.000;;;;;;;;;;;;
3605;;;;;;;;;;"32,3";"32,3";"32,3";;;
3612;;;;;;;;;;;;;"22,18";"22,18";"22,18"
3620;;;;;;;;;;;;;"22,3";"22,3";"22,3"
3633;;;;;;;;;;;;;"21,74";"21,74";"21,74"
3637;;;;;;;31.180.000.000.000.000;31.180.000.000.000.000;31.180.000.000.000.000;;;;;;
3653;;;;;;;;;;;;;"6,98";"6,98";"6,98"
3657;;;;"25,22";"25,22";"25,22";;;;;;;;;
3663;;;;;;;;;;;;;"33,46";"33,46";"33,46"
3668;"22,47";"21,38";23.560.000.000.000.000;;;;;;;"21,3";"21,3";"21,3";;;
3676;;;;;;;;;;;;;"20,4";"20,4";"20,4"
3684;;;;;;;;;;;;;"23,4";"23,4";"23,4"
3699;;;;;;;;;;;;;"32,78";"32,78";"32,78"
3701;;;;;;;15.739.999.999.999.900;15.739.999.999.999.900;15.739.999.999.999.900;;;;;;
3713;;;;;;;;;;"29,6";"29,6";"29,6";;;
3716;;;;;;;;;;;;;"14,92";"14,92";"14,92"
3720;;;;"23,7";"23,7";"23,7";;;;;;;;;
3731;6;0;12;;;;;;;;;;28.860.000.000.000.000;"28,86";"28,86"
3747;;;;;;;;;;;;;16.520.000.000.000.000;16.520.000.000.000.000;16.520.000.000.000.000
3748;;;;;;;;;;;;;"28,04";"28,04";"28,04"
3764;;;;;;;"17,64";"17,64";"17,64";;;;;;
3776;;;;;;;;;;23.259.999.999.999.900;23.259.999.999.999.900;23.259.999.999.999.900;;;
3780;;;;;;;;;;;;;17.900.000.000.000.000;17.900.000.000.000.000;17.900.000.000.000.000
3783;;;;"8,5";"8,5";"8,5";;;;;;;;;
3794;"15,57";"15,52";"15,62";;;;;;;;;;;;
3795;;;;;;;;;;;;;"17,88";"17,88";"17,88"
3810;;;;;;;;;;;;;"24,62";"24,62";"24,62"
3811;;;;;;;;;;;;;22.299.999.999.999.900;22.299.999.999.999.900;22.299.999.999.999.900
3825;;;;;;;;;;30.720.000.000.000.000;30.720.000.000.000.000;30.720.000.000.000.000;;;
3827;;;;;;;"7,5";"7,5";"7,5";;;;;;
3830;;;;;;;;;;;;;"29,26";"29,26";"29,26"
3846;;;;23.979.999.999.999.900;23.979.999.999.999.900;23.979.999.999.999.900;;;;;;;"28,72";"28,72";"28,72"
3848;;;;;;;;;;;;;33.379.999.999.999.900;33.379.999.999.999.900;33.379.999.999.999.900
3857;"19,42";"15,5";"23,34";;;;;;;;;;;;
3860;;;;;;;;;;;;;30.940.000.000.000.000;30.940.000.000.000.000;30.940.000.000.000.000
3888;;;;;;;;;;"20,62";"20,62";"20,62";;;
3890;;;;;;;"15,16";"15,16";"15,16";;;;"32,86";"32,86";"32,86"
3891;;;;;;;;;;;;;"30,04";"30,04";"30,04"
3893;;;;;;;;;;;;;"17,22";"17,22";"17,22"
3895;;;;;;;;;;;;;"32,64";"32,64";"32,64"
3910;;;;"19,2";"19,2";"19,2";;;;;;;;;
3921;22.630.000.000.000.000;"21,1";"24,16";;;;;;;;;;;;
3922;;;;;;;;;;;;;"32,96";"32,96";"32,96"
3926;;;;;;;;;;;;;"33,06";"33,06";"33,06"
3937;;;;;;;;;;"29,6";"29,6";"29,6";;;
3953;;;;;;;;;;;;;"13,36";"13,36";"13,36"
3954;;;;;;;"11,02";"11,02";"11,02";;;;;;
3957;;;;;;;;;;"35,32";"35,32";"35,32";;;
3958;;;;;;;;;;;;;"5,84";"5,84";"5,84"
3959;;;;;;;;;;;;;"33,86";"33,86";"33,86"
3965;;;;;;;;;;;;;"32,72";"32,72";"32,72"
3973;;;;"13,84";"13,84";"13,84";;;;;;;;;
3984;"13,87";"6,04";"21,7";;;;;;;;;;;;
3991;;;;;;;;;;"33,72";"33,72";"33,72";;;
4002;;;;;;;;;;;;;"31,96";"31,96";"31,96"
4016;;;;;;;;;;;;;"18,04";"18,04";"18,04"
4017;;;;;;;"21,48";"21,48";"21,48";;;;;;
4022;;;;;;;;;;;;;24.880.000.000.000.000;24.880.000.000.000.000;24.880.000.000.000.000
4024;;;;;;;;;;"33,24";"33,24";"33,24";;;
4029;;;;;;;;;;;;;"26,36";"26,36";"26,36"
4036;;;;"5,72";"5,72";"5,72";;;;;;;;;
4045;;;;;;;;;;;;;34.660.000.000.000.000;34.660.000.000.000.000;34.660.000.000.000.000
4047;"20,84";"16,68";25;;;;;;;;;;;;
4049;;;;;;;;;;;;;"30,64";"30,64";"30,64"
4066;;;;;;;;;;;;;28.980.000.000.000.000;28.980.000.000.000.000;28.980.000.000.000.000
4079;;;;;;;;;;"29,68";"29,68";"29,68";;;
4080;;;;;;;16.200.000.000.000.000;16.200.000.000.000.000;16.200.000.000.000.000;;;;;;
4092;;;;;;;;;;;;;"15,92";"15,92";"15,92"
4099;;;;"15,74";"15,74";"15,74";;;;;;;;;
4108;;;;;;;;;;;;;24.536.666.666.666.600;23.880.000.000.000.000;"27,82"
4110;15.549.999.999.999.900;"14,04";"17,06";;;;;;;;;;;;
4112;;;;;;;;;;;;;"30,5";"30,5";"30,5"
4128;;;;;;;;;;"28,22";"28,22";"28,22";;;
4143;;;;;;;"24,7";"24,7";"24,7";;;;;;
4155;;;;;;;;;;;;;"23,91";19.240.000.000.000.000;"28,58"
4163;;;;"22,46";"22,46";"22,46";;;;;;;;;
4164;;;;;;;;;;;;;"29,14";"29,14";"29,14"
4171;;;;;;;;;;;;;"23,28";"23,28";"23,28"
4174;"19,64";15.719.999.999.999.900;"23,56";;;;;;;;;;;;
4175;;;;;;;"34,6";"34,6";"34,6";;;;;;
4184;;;;;;;;;;"30,6";"30,6";"30,6";;;
4195;;;;;;;;;;;;;32.160.000.000.000.000;32.160.000.000.000.000;32.160.000.000.000.000
4204;;;;33.019.999.999.999.900;33.019.999.999.999.900;33.019.999.999.999.900;;;;;;;;;
4210;;;;;;;;;;;;;"29,86";"29,86";"29,86"
4213;;;;;;;"31,64";"31,64";"31,64";;;;"26,6";"26,6";"26,6"
4218;;;;;;;;;;33.620.000.000.000.000;33.620.000.000.000.000;33.620.000.000.000.000;;;
4234;;;;;;;;;;;;;20.740.000.000.000.000;20.740.000.000.000.000;20.740.000.000.000.000
4237;"22,09";"21,66";"22,52";;;;;;;;;;;;
4243;;;;;;;;;;;;;32.879.999.999.999.900;32.879.999.999.999.900;32.879.999.999.999.900
4252;;;;"28,86";"28,86";"28,86";;;;"33,08";"33,08";"33,08";;;
4254;;;;;;;;;;;;;"30,62";"30,62";"30,62"
4259;;;;;;;;;;;;;22.099.999.999.999.900;22.099.999.999.999.900;22.099.999.999.999.900
4276;;;;;;;"9,24";"9,24";"9,24";;;;;;
4285;;;;;;;;;;;;;32.160.000.000.000.000;32.160.000.000.000.000;32.160.000.000.000.000
4298;;;;;;;;;;30.959.999.999.999.900;30.959.999.999.999.900;30.959.999.999.999.900;16.740.000.000.000.000;16.740.000.000.000.000;16.740.000.000.000.000
4299;;;;;;;;;;;;;"28,66";"28,66";"28,66"
4300;"19,36";14.959.999.999.999.900;23.759.999.999.999.900;;;;;;;;;;;;
4310;;;;;;;;;;;;;"31,72";"31,72";"31,72"
4314;;;;;;;"32,54";"32,54";"32,54";;;;;;
4315;;;;"24,04";"24,04";"24,04";;;;;;;;;
4319;;;;;;;;;;;;;32.559.999.999.999.900;32.559.999.999.999.900;32.559.999.999.999.900
4329;;;;;;;;;;;;;32.760.000.000.000.000;32.760.000.000.000.000;32.760.000.000.000.000
4355;;;;;;;;;;;;;"29,54";"29,54";"29,54"
4360;;;;;;;;;;;;;"30,74";"30,74";"30,74"
4361;;;;;;;;;;24.200.000.000.000.000;24.200.000.000.000.000;24.200.000.000.000.000;;;
4362;;;;;;;;;;;;;"33,1";"33,1";"33,1"
4363;"15,36";9;"21,72";;;;;;;;;;;;
4376;;;;;;;"28,78";"28,78";"28,78";;;;;;
4378;;;;15.559.999.999.999.900;15.559.999.999.999.900;15.559.999.999.999.900;;;;;;;;;
4383;;;;;;;;;;;;;"30,88";"30,88";"30,88"
4398;;;;;;;;;;"31,68";"31,68";"31,68";;;
4410;;;;;;;;;;;;;29.379.999.999.999.900;29.379.999.999.999.900;29.379.999.999.999.900
4418;;;;;;;;;;;;;25.199.999.999.999.900;25.199.999.999.999.900;25.199.999.999.999.900
4423;;;;;;;;;;;;;"22,96";"22,96";"22,96"
4427;"14,23";"13,48";"14,98";;;;;;;;;;;;
4436;;;;;;;;;;;;;"33,62";"33,62";"33,62"
4439;;;;;;;24.439.999.999.999.900;24.439.999.999.999.900;24.439.999.999.999.900;;;;;;
4441;;;;"24,78";"24,78";"24,78";;;;;;;;;
4444;;;;;;;;;;28.299.999.999.999.900;28.299.999.999.999.900;28.299.999.999.999.900;;;
4446;;;;;;;;;;;;;"24,28";"24,28";"24,28"
4469;;;;;;;;;;;;;"32,18";"32,18";"32,18"
4471;;;;;;;;;;"33,36";"33,36";"33,36";;;
4481;;;;;;;;;;;;;"24,64";"24,64";"24,64"
4486;;;;"30,06";"30,06";"30,06";;;;;;;"20,32";"20,32";"20,32"
4488;;;;;;;"30,98";"30,98";"30,98";;;;;;
4490;21.099.999.999.999.900;"20,08";22.119.999.999.999.900;;;;;;;;;;;;
4498;;;;;;;;;;;;;34.099.999.999.999.900;34.099.999.999.999.900;34.099.999.999.999.900
4510;;;;;;;;;;;;;"6,98";"6,98";"6,98"
4517;;;;;;;;;;"29,04";"29,04";"29,04";;;
4527;;;;;;;;;;;;;"33,2";"33,2";"33,2"
4540;;;;;;;;;;;;;28.433.333.333.333.300;27.199.999.999.999.900;34.599.999.999.999.900
4549;;;;"28,04";"28,04";"28,04";;;;;;;"23,86";"23,86";"23,86"
4551;;;;;;;"21,14";"21,14";"21,14";;;;;;
4553;"14,41";"9,02";"19,8";;;;;;;"32,98";"32,98";"32,98";;;
4558;;;;;;;;;;;;;"34,64";"34,64";"34,64"
4574;;;;;;;;;;;;;"32,06";"32,06";"32,06"
4583;;;;;;;;;;"32,2";"32,2";"32,2";"31,3";31.299.999.999.999.900;31.299.999.999.999.900
4587;;;;;;;;;;;;;"33,72";"33,72";"33,72"
4598;;;;;;;;;;37.239.999.999.999.900;37.239.999.999.999.900;37.239.999.999.999.900;;;
4601;;;;;;;;;;;;;"34,7";"34,7";"34,7"
4612;;;;"24,36";"24,36";"24,36";;;;;;;;;
4613;;;;;;;;;;;;;23.520.000.000.000.000;23.520.000.000.000.000;23.520.000.000.000.000
4615;;;;;;;13.120.000.000.000.000;13.120.000.000.000.000;13.120.000.000.000.000;;;;;;
4616;19;16;22;;;;;;;;;;;;
4625;;;;;;;;;;;;;30.919.999.999.999.900;30.919.999.999.999.900;30.919.999.999.999.900
4646;;;;;;;;;;;;;"20,88";"20,88";"20,88"
4657;;;;;;;;;;;;;"27,42";"27,42";"27,42"
4662;;;;;;;;;;"11,74";"11,74";"11,74";;;
4664;;;;;;;;;;;;;31.520.000.000.000.000;31.520.000.000.000.000;31.520.000.000.000.000
4676;;;;"20,12";"20,12";"20,12";;;;;;;"15,34";"15,34";"15,34"
4678;;;;;;;"16,84";"16,84";"16,84";;;;;;
4680;"17,6";"17,5";"17,7";;;;;;;;;;;;
4689;;;;;;;;;;;;;30.839.999.999.999.900;"30,84";"30,84"
4696;;;;;;;;;;"33,6";"33,6";"33,6";33.760.000.000.000.000;33.760.000.000.000.000;33.760.000.000.000.000
4701;;;;;;;;;;;;;"31,78";"31,78";"31,78"
4722;;;;29.599.999.999.999.900;29.599.999.999.999.900;29.599.999.999.999.900;;;;;;;;;
4725;;;;;;;"29,5";"29,5";"29,5";;;;;;
4726;;;;;;;;;;"33,2";"33,2";"33,2";;;
4733;;;;;;;;;;;;;"33,04";"33,04";"33,04"
4736;;;;;;;;;;;;;"32,04";"32,04";"32,04"
4739;;;;;;;;;;;;;24.020.000.000.000.000;24.020.000.000.000.000;24.020.000.000.000.000
4743;16.259.999.999.999.900;14.440.000.000.000.000;"18,08";;;;;;;;;;;;
4755;;;;;;;;;;"32,38";"32,38";"32,38";;;
4756;;;;;;;;;;;;;"31,62";"31,62";"31,62"
4758;;;;"33,22";"33,22";"33,22";;;;;;;;;
4771;;;;;;;;;;;;;30.560.000.000.000.000;30.560.000.000.000.000;30.560.000.000.000.000
4773;;;;;;;;;;;;;"32,06";"32,06";"32,06"
4778;;;;;;;;;;"34,56";"34,56";"34,56";;;
4789;;;;;;;"5,44";"5,44";"5,44";;;;;;
4791;;;;"34,3";"34,3";"34,3";;;;;;;;;
4795;;;;;;;;;;;;;"33,66";"33,66";"33,66"
4802;;;;;;;;;;;;;26.159.999.999.999.900;26.159.999.999.999.900;26.159.999.999.999.900
4806;"16,61";15.200.000.000.000.000;"18,02";;;;;;;;;;;;
4807;;;;;;;;;;;;;"27,54";"27,54";"27,54"
4814;;;;;;;;;;;;;"35,96";"35,96";"35,96"
4823;;;;;;;;;;;;;"28,68";"28,68";"28,68"
4824;;;;;;;;;;"32,7";"32,7";"32,7";;;
4829;;;;;;;;;;;;;"33,36";"33,36";"33,36"
4839;;;;;;;"30,48";"30,48";"30,48";;;;;;
4840;;;;;;;;;;;;;"33,1";"33,1";"33,1"
4844;;;;;;;;;;;;;"34,06";"34,06";"34,06"
4849;;;;"27,04";"27,04";"27,04";;;;;;;;;
4853;;;;;;;;;;"34,32";"34,32";"34,32";;;
4856;;;;;;;;;;;;;"32,32";"32,32";"32,32"
4869;"18,57";"16,34";20.799.999.999.999.900;;;;;;;;;;;;
4871;;;;;;;;;;"35,48";"35,48";"35,48";;;
4874;;;;;;;;;;;;;28.759.999.999.999.900;28.759.999.999.999.900;28.759.999.999.999.900
4879;;;;;;;;;;;;;"30,56";"30,56";"30,56"
4880;;;;"32,94";"32,94";"32,94";;;;;;;;;
4881;;;;;;;;;;;;;32.019.999.999.999.900;32.019.999.999.999.900;32.019.999.999.999.900
4890;;;;;;;;;;"36,2";"36,2";"36,2";;;
4891;;;;;;;"28,64";"28,64";"28,64";;;;;;
4902;;;;;;;;;;;;;34.019.999.999.999.900;34.019.999.999.999.900;34.019.999.999.999.900
4912;;;;;;;;;;;;;"33,68";"33,68";"33,68"
4919;;;;;;;;;;;;;24.479.999.999.999.900;24.479.999.999.999.900;24.479.999.999.999.900
4932;;;;"29,48";"29,48";"29,48";;;;;;;30.220.000.000.000.000;30.220.000.000.000.000;30.220.000.000.000.000
4933;18.919.999.999.999.900;"15,94";"21,9";;;;;;;;;;;;
4934;;;;;;;"33,06";"33,06";"33,06";;;;;;
4935;;;;;;;;;;"28,72";"28,72";"28,72";;;
4944;;;;;;;;;;;;;"30,92";"30,92";"30,92"
4946;;;;;;;;;;;;;"32,46";"32,46";"32,46"
4960;;;;;;;;;;;;;34.019.999.999.999.900;34.019.999.999.999.900;34.019.999.999.999.900
4963;;;;;;;;;;"34,82";"34,82";"34,82";;;
4966;;;;;;;;;;;;;30.619.999.999.999.900;30.619.999.999.999.900;30.619.999.999.999.900
4976;;;;;;;;;;;;;"33,18";"33,18";"33,18"
4977;;;;31.599.999.999.999.900;31.599.999.999.999.900;31.599.999.999.999.900;;;;;;;;;
4982;;;;;;;;;;;;;"33,02";"33,02";"33,02"
4984;;;;;;;;;;"35,64";"35,64";"35,64";;;
4989;;;;;;;32;32;32;;;;;;
4996;"15,73";"8,78";"22,68";;;;;;;;;;;;
5008;;;;;;;;;;;;;"35,78";"35,78";"35,78"
5009;;;;;;;;;;;;;"28,86";"28,86";"28,86"
5013;;;;"32,54";"32,54";"32,54";;;;;;;;;
5026;;;;;;;;;;"31,1";"31,1";"31,1";;;
5029;;;;;;;;;;;;;25.639.999.999.999.900;"25,64";"25,64"
5032;;;;;;;;;;;;;34.400.000.000.000.000;34.400.000.000.000.000;34.400.000.000.000.000
5039;;;;"34,52";"34,52";"34,52";;;;;;;"24,98";"24,98";"24,98"
5052;;;;;;;22.799.999.999.999.900;22.799.999.999.999.900;22.799.999.999.999.900;;;;35.879.999.999.999.900;35.879.999.999.999.900;35.879.999.999.999.900
5053;;;;;;;;;;;;;"32,36";"32,36";"32,36"
5059;24.049.999.999.999.900;"23,66";24.439.999.999.999.900;;;;;;;;;;;;
5062;;;;;;;;;;"30,72";"30,72";"30,72";;;
5082;;;;;;;;;;"36,74";"36,74";"36,74";;;
5084;;;;;;;"33,56";"33,56";"33,56";;;;;;
5087;;;;;;;;;;;;;31.799.999.999.999.900;31.799.999.999.999.900;31.799.999.999.999.900
5092;;;;;;;;;;;;;"23,36";"23,36";"23,36"
5097;;;;25.560.000.000.000.000;25.560.000.000.000.000;25.560.000.000.000.000;;;;;;;"29,9";"29,9";"29,9"
5099;;;;;;;;;;;;;"27,84";"27,84";"27,84"
5104;;;;;;;;;;"35,38";"35,38";"35,38";;;
5116;;;;;;;32.739.999.999.999.900;32.739.999.999.999.900;32.739.999.999.999.900;;;;;;
5122;"21,64";"16,5";"26,78";;;;;;;;;;"32,44";"32,44";"32,44"
5123;;;;"34,48";"34,48";"34,48";;;;;;;;;
5130;;;;;;;;;;;;;32.879.999.999.999.900;32.879.999.999.999.900;32.879.999.999.999.900
5134;;;;;;;;;;"33,28";"33,28";"33,28";;;
5139;;;;;;;;;;;;;29.720.000.000.000.000;29.720.000.000.000.000;29.720.000.000.000.000
5162;;;;;;;;;;;;;23.159.999.999.999.900;23.159.999.999.999.900;23.159.999.999.999.900
5163;;;;;;;;;;"34,58";"34,58";"34,58";"29,96";"29,96";"29,96"
5165;;;;;;;;;;;;;"31,56";"31,56";"31,56"
5180;;;;;;;"23,5";"23,5";"23,5";;;;;;
5181;;;;;;;;;;;;;"30,8";"30,8";"30,8"
5185;17.900.000.000.000.000;17.900.000.000.000.000;17.900.000.000.000.000;;;;;;;;;;;;
5186;17.200.000.000.000.000;17.200.000.000.000.000;17.200.000.000.000.000;"16,5";"16,5";"16,5";;;;;;;;;
5197;;;;;;;;;;;;;33;33;33
5204;;;;;;;;;;;;;"30,38";"30,38";"30,38"
5207;;;;;;;;;;;;;29.459.999.999.999.900;29.459.999.999.999.900;29.459.999.999.999.900
5209;;;;;;;;;;"29,82";"29,82";"29,82";;;
5211;;;;"34,76";"34,76";"34,76";;;;;;;;;
5223;;;;;;;;;;;;;"34,9";"34,9";"34,9"
5225;;;;;;;"33,42";"33,42";"33,42";;;;;;
5234;;;;;;;;;;34.599.999.999.999.900;34.599.999.999.999.900;34.599.999.999.999.900;;;
5240;;;;"34,56";"34,56";"34,56";;;;;;;;;
5244;;;;;;;;;;;;;27.543.333.333.333.300;"26,68";31.860.000.000.000.000
5246;"28,96";"28,96";"28,96";;;;;;;;;;34.760.000.000.000.000;34.760.000.000.000.000;34.760.000.000.000.000
5249;"8,64";"8,64";"8,64";;;;;;;;;;;;
5266;;;;;;;;;;"32,3";"32,3";"32,3";;;
5268;;;;;;;;;;;;;28.400.000.000.000.000;28.400.000.000.000.000;28.400.000.000.000.000
5276;;;;;;;;;;;;;"33,62";"33,62";"33,62"
5279;;;;;;;;;;;;;30.919.999.999.999.900;30.919.999.999.999.900;30.919.999.999.999.900
5286;;;;;;;"29,98";"29,98";"29,98";;;;;;
5289;30.560.000.000.000.000;30.560.000.000.000.000;30.560.000.000.000.000;;;;;;;;;;;;
5299;;;;;;;;;;33;33;33;;;
5303;;;;"12,5";"12,5";"12,5";;;;;;;;;
5307;;;;;;;;;;;;;24.020.000.000.000.000;24.020.000.000.000.000;24.020.000.000.000.000
5308;;;;;;;34.839.999.999.999.900;34.839.999.999.999.900;34.839.999.999.999.900;;;;;;
5312;"21,92";"21,92";"21,92";;;;;;;;;;;;
5319;;;;;;;;;;"35,26";"35,26";"35,26";;;
5321;;;;;;;;;;;;;"33,36";"33,36";"33,36"
5331;;;;;;;;;;;;;26.340.000.000.000.000;26.340.000.000.000.000;26.340.000.000.000.000
5339;;;;;;;;;;;;;11.440.000.000.000.000;11.440.000.000.000.000;11.440.000.000.000.000
5342;;;;"32,34";"32,34";"32,34";;;;;;;;;
5343;;;;;;;;;;"33,5";"33,5";"33,5";;;
5349;;;;;;;;;;;;;"34,4";"34,4";"34,4"
5352;"20,8";"20,8";"20,8";;;;;;;;;;;;
5370;;;;;;;;;;;;;"30,46";"30,46";"30,46"
5371;;;;;;;19.919.999.999.999.900;19.919.999.999.999.900;19.919.999.999.999.900;;;;;;
5372;;;;;;;;;;;;;"32,78";"32,78";"32,78"
5375;17.240.000.000.000.000;17.240.000.000.000.000;17.240.000.000.000.000;;;;;;;"32,72";"32,72";"32,72";;;
5376;;;;;;;;;;;;;"31,96";"31,96";"31,96"
5386;;;;;;;;;;;;;"33,82";"33,82";"33,82"
5396;;;;"28,38";"28,38";"28,38";;;;;;;;;
5399;;;;;;;;;;;;;"34,66";"34,66";"34,66"
5408;;;;;;;;;;"32,14";"32,14";"32,14";;;
5409;;;;;;;;;;;;;"31,68";"31,68";"31,68"
5415;"16,68";"16,68";"16,68";;;;;;;;;;;;
5428;;;;;;;;;;;;;"29,54";"29,54";"29,54"
5429;;;;;;;;;;"34,6";"34,6";"34,6";;;
5430;;;;;;;30.400.000.000.000.000;30.400.000.000.000.000;30.400.000.000.000.000;;;;;;
5432;;;;"31,36";"31,36";"31,36";;;;;;;;;
5433;;;;;;;;;;;;;1.755.666.666.666.660;"13,98";35.440.000.000.000.000
5439;"16,18";"16,18";"16,18";;;;;;;;;;;;
5446;;;;;;;;;;;;;35.980.000.000.000.000;35.980.000.000.000.000;35.980.000.000.000.000
5452;;;;;;;;;;35.339.999.999.999.900;35.339.999.999.999.900;35.339.999.999.999.900;;;
5459;;;;;;;;;;;;;"33,44";"33,44";"33,44"
5462;;;;;;;;;;;;;"21,78";"21,78";"21,78"
5465;;;;;;;;;;;;;"33,3";"33,3";"33,3"
5466;"30,5";"30,5";"30,5";;;;;;;;;;;;
5470;;;;;;;;;;;;;"34,94";"34,94";"34,94"
5477;;;;"30,34";"30,34";"30,34";;;;;;;;;
5479;;;;;;;;;;32.900.000.000.000.000;32.900.000.000.000.000;32.900.000.000.000.000;;;
5484;;;;;;;;;;;;;"35,2";"35,2";"35,2"
5488;;;;;;;;;;;;;"34,36";"34,36";"34,36"
5493;;;;;;;;;;;;;"34,72";"34,72";"34,72"
5494;;;;;;;23.779.999.999.999.900;23.779.999.999.999.900;23.779.999.999.999.900;;;;;;
5502;"14,92";"14,92";"14,92";;;;;;;;;;;;
5507;;;;;;;;;;"34,86";"34,86";"34,86";;;
5515;;;;;;;;;;;;;32.879.999.999.999.900;32.879.999.999.999.900;32.879.999.999.999.900
5517;;;;32.120.000.000.000.000;32.120.000.000.000.000;32.120.000.000.000.000;;;;;;;;;
5526;;;;;;;;;;;;;"23,68";"23,68";"23,68"
5527;;;;;;;;;;"36,16";"36,16";"36,16";;;
5530;"18,4";"18,4";"18,4";;;;;;;;;;;;
5534;;;;;;;;;;;;;"31,42";"31,42";"31,42"
5540;;;;;;;;;;;;;"26,8";26.799.999.999.999.900;26.799.999.999.999.900
5546;;;;;;;;;;"35,4";"35,4";"35,4";;;
5551;;;;"33,3";"33,3";"33,3";;;;;;;;;
5556;34.379.999.999.999.900;34.379.999.999.999.900;34.379.999.999.999.900;;;;;;;;;;;;
5557;;;;;;;"19,3";"19,3";"19,3";;;;"32,99";"31,48";"34,5"
5565;"21,32";"21,32";"21,32";;;;;;;;;;;;
5572;;;;;;;;;;33.540.000.000.000.000;33.540.000.000.000.000;33.540.000.000.000.000;;;
5582;;;;;;;;;;;;;"34,04";"34,04";"34,04"
5584;;;;"33,92";"33,92";"33,92";;;;;;;;;
5589;;;;;;;;;;;;;"25,74";"25,74";"25,74"
5593;;;;;;;"33,48";"33,48";"33,48";;;;;;
5599;;;;;;;;;;"33,88";"33,88";"33,88";31.359.999.999.999.900;31.359.999.999.999.900;31.359.999.999.999.900
5603;;;;;;;;;;;;;26.380.000.000.000.000;26.380.000.000.000.000;26.380.000.000.000.000
5611;;;;;;;;;;;;;"33,68";"33,68";"33,68"
5618;;;;"33,5";"33,5";"33,5";;;;;;;;;
5619;"24,34";"24,34";"24,34";;;;;;;;;;;;
5628;"15,18";"15,18";"15,18";;;;;;;;;;;;
5631;;;;;;;;;;;;;32.446.666.666.666.600;"28,38";"33,26"
5632;;;;;;;;;;;;;31.839.999.999.999.900;31.839.999.999.999.900;31.839.999.999.999.900
5637;;;;;;;32.699.999.999.999.900;32.699.999.999.999.900;32.699.999.999.999.900;;;;;;
5643;;;;;;;;;;;;;"31,42";"31,42";"31,42"
5652;;;;;;;;;;"25,68";"25,68";"25,68";;;
5655;;;;;;;;;;;;;"35,4";"35,4";"35,4"
5661;;;;;;;;;;;;;33.099.999.999.999.900;33.099.999.999.999.900;33.099.999.999.999.900
5662;;;;30.020.000.000.000.000;30.020.000.000.000.000;30.020.000.000.000.000;;;;;;;;;
5673;;;;;;;;;;;;;33.459.999.999.999.900;33.459.999.999.999.900;33.459.999.999.999.900
5677;;;;;;;;;;3.468.000.000.000.000;3.468.000.000.000.000;3.468.000.000.000.000;"32,6";"32,6";"32,6"
5679;;;;;;;;;;;;;"35,1";"35,1";"35,1"
5682;"26,4";"26,4";"26,4";;;;;;;;;;;;
5688;;;;;;;"30,62";"30,62";"30,62";;;;;;
5689;;;;;;;;;;;;;"32,92";"32,92";"32,92"
5692;"15,48";"15,48";"15,48";;;;;;;;;;;;
5703;;;;"30,8";"30,8";"30,8";;;;;;;;;
5706;;;;;;;;;;"34,28";"34,28";"34,28";;;
5721;;;;;;;;;;;;;"30,28";"30,28";"30,28"
5723;;;;;;;;;;;;;"29,2";"29,2";"29,2"
5734;;;;;;;;;;;;;27.860.000.000.000.000;"27,86";"27,86"
5736;;;;;;;;;;"34,3";"34,3";"34,3";;;
5738;;;;"33,7";"33,7";"33,7";;;;;;;;;
5741;;;;;;;;;;;;;29.560.000.000.000.000;29.560.000.000.000.000;29.560.000.000.000.000
5745;"24,66";"24,66";"24,66";;;;;;;;;;34.519.999.999.999.900;34.519.999.999.999.900;34.519.999.999.999.900
5751;;;;;;;24.299.999.999.999.900;24.299.999.999.999.900;24.299.999.999.999.900;;;;;;
5755;"17,9";"17,9";"17,9";;;;;;;;;;3.632.000.000.000.000;3.632.000.000.000.000;3.632.000.000.000.000
5758;;;;;;;;;;;;;"32,42";"32,42";"32,42"
5759;;;;;;;;;;;;;"36,96";"36,96";"36,96"
5764;;;;;;;;;;"33,74";"33,74";"33,74";;;
5774;;;;"31,86";"31,86";"31,86";;;;;;;;;
5786;;;;;;;;;;;;;"34,08";"34,08";"34,08"
5788;;;;;;;;;;;;;"32,44";"32,44";"32,44"
5789;;;;;;;;;;;;;"32,8";"32,8";"32,8"
5798;;;;;;;"30,62";"30,62";"30,62";"32,94";"32,94";"32,94";;;
5801;;;;"34,3";"34,3";"34,3";;;;;;;;;
5804;;;;;;;;;;;;;30.919.999.999.999.900;30.919.999.999.999.900;30.919.999.999.999.900
5809;"21,08";"21,08";"21,08";;;;;;;;;;;;
5813;;;;;;;;;;;;;"35,08";"35,08";"35,08"
5817;;;;"36,64";"36,64";"36,64";;;;;;;"34,12";"34,12";"34,12"
5818;"16,32";"16,32";"16,32";;;;;;;;;;;;
5819;;;;;;;;;;"35,16";"35,16";"35,16";;;
5825;;;;;;;;;;;;;"33,28";"33,28";"33,28"
5841;;;;"33,56";"33,56";"33,56";;;;;;;;;
5844;;;;;;;"30,9";"30,9";"30,9";32.739.999.999.999.900;32.739.999.999.999.900;32.739.999.999.999.900;;;
5845;;;;;;;;;;;;;31.370.000.000.000.000;31.040.000.000.000.000;31.700.000.000.000.000
5849;;;;;;;;;;;;;"34,92";"34,92";"34,92"
5859;;;;;;;;;;;;;"32,14";"32,14";"32,14"
5864;;;;;;;;;;"36,84";"36,84";"36,84";;;
5871;;;;;;;;;;;;;34.739.999.999.999.900;"33,9";"35,58"
5872;"22,42";"22,42";"22,42";;;;;;;;;;;;
5878;;;;"32,42";"32,42";"32,42";;;;;;;;;
5881;18.659.999.999.999.900;18.659.999.999.999.900;18.659.999.999.999.900;;;;;;;;;;;;
5889;;;;;;;;;;;;;35.480.000.000.000.000;35.480.000.000.000.000;35.480.000.000.000.000
5895;;;;;;;;;;32.019.999.999.999.900;32.019.999.999.999.900;32.019.999.999.999.900;"35,06";"35,06";"35,06"
5901;"33,82";"33,82";"33,82";;;;;;;;;;;;
5906;;;;;;;;;;;;;"31,1";"31,1";"31,1"
5908;;;;;;;"21,78";"21,78";"21,78";;;;"24,56";"24,56";"24,56"
5909;;;;;;;;;;;;;36.099.999.999.999.900;36.099.999.999.999.900;36.099.999.999.999.900
5914;;;;;;;;;;"36,42";"36,42";"36,42";;;
5930;;;;;;;;;;;;;35;35;35
5933;;;;;;;;;;;;;"33,22";"33,22";"33,22"
5937;;;;;;;;;;"35,06";"35,06";"35,06";;;
5938;;;;;;;;;;;;;"32,18";"32,18";"32,18"
5941;;;;"21,16";"21,16";"21,16";;;;;;;;;
5945;"17,14";"17,14";"17,14";;;;;;;;;;;;
5954;;;;;;;;;;;;;"35,1";"35,1";"35,1"
5956;;;;;;;"29,28";"29,28";"29,28";;;;;;
5957;;;;;;;;;;;;;"33,72";"33,72";"33,72"
5959;;;;;;;;;;;;;"34,88";"34,88";"34,88"
5964;"18,78";"18,78";"18,78";;;;;;;;;;;;
5970;;;;;;;;;;;;;"27,04";"27,04";"27,04"
5975;;;;;;;;;;"31,62";"31,62";"31,62";;;
5976;;;;;;;;;;;;;"36,46";"36,46";"36,46"
5978;;;;32.739.999.999.999.900;32.739.999.999.999.900;32.739.999.999.999.900;;;;;;;;;
5982;;;;;;;;;;;;;"35,86";"35,86";"35,86"
6002;;;;;;;;;;;;;33.519.999.999.999.900;33.519.999.999.999.900;33.519.999.999.999.900
6006;;;;;;;;;;;;;"34,94";"34,94";"34,94"
6008;"15,24";"15,24";"15,24";;;;;;;;;;;;
6009;;;;;;;;;;;;;26.120.000.000.000.000;26.120.000.000.000.000;26.120.000.000.000.000
6013;;;;;;;;;;;;;"33,58";"33,58";"33,58"
6019;;;;;;;25.060.000.000.000.000;25.060.000.000.000.000;25.060.000.000.000.000;;;;;;
6025;;;;29.319.999.999.999.900;29.319.999.999.999.900;29.319.999.999.999.900;;;;;;;;;
6027;25.560.000.000.000.000;25.560.000.000.000.000;25.560.000.000.000.000;;;;;;;;;;;;
6029;;;;;;;;;;"26,86";"26,86";"26,86";;;
6030;;;;;;;;;;;;;33.720.000.000.000.000;33.720.000.000.000.000;33.720.000.000.000.000
6039;;;;;;;;;;;;;"32,3";"32,3";"32,3"
6040;;;;;;;;;;;;;"32,26";"32,26";"32,26"
6043;;;;;;;;;;;;;31.880.000.000.000.000;31.880.000.000.000.000;31.880.000.000.000.000
6047;;;;;;;;;;"35,84";"35,84";"35,84";;;
6064;;;;30.560.000.000.000.000;30.560.000.000.000.000;30.560.000.000.000.000;;;;;;;;;
6065;;;;;;;;;;;;;"32,82";"32,82";"32,82"
6068;;;;;;;;;;;;;3.368.000.000.000.000;3.368.000.000.000.000;3.368.000.000.000.000
6071;"14,74";"14,74";"14,74";;;;;;;;;;;;
6078;;;;;;;;;;;;;"29,6";"29,6";"29,6"
6082;"29,54";"29,54";"29,54";;;;;;;"33,3";"33,3";"33,3";;;
6083;;;;;;;26.660.000.000.000.000;26.660.000.000.000.000;26.660.000.000.000.000;;;;;;
6084;;;;;;;;;;;;;"35,86";"35,86";"35,86"
6088;;;;;;;;;;;;;"29,8";"29,8";"29,8"
6099;;;;"31,82";"31,82";"31,82";;;;;;;;;
6103;;;;;;;;;;"35,32";"35,32";"35,32";"36,08";"36,08";"36,08"
6104;;;;;;;;;;;;;"31,98";"31,98";"31,98"
6107;;;;;;;;;;;;;36.480.000.000.000.000;36.480.000.000.000.000;36.480.000.000.000.000
6112;;;;;;;"34,66";"34,66";"34,66";;;;;;
6117;;;;;;;;;;;;;31.560.000.000.000.000;31.560.000.000.000.000;31.560.000.000.000.000
6120;;;;"35,12";"35,12";"35,12";;;;;;;;;
6128;;;;;;;;;;;;;"34,86";"34,86";"34,86"
6129;;;;;;;;;;"33,9";"33,9";"33,9";;;
6134;"25,68";"25,68";"25,68";;;;;;;;;;"34,34";"34,34";"34,34"
6140;;;;;;;"33,22";"33,22";"33,22";;;;;;
6143;"28,1";"28,1";"28,1";;;;;;;;;;;;
6144;;;;"36,46";"36,46";"36,46";;;;;;;;;
6148;;;;;;;;;;;;;"33,12";"33,12";"33,12"
6150;;;;;;;;;;;;;"32,6";"32,6";"32,6"
6152;;;;;;;;;;"35,5";"35,5";"35,5";;;
6163;;;;;;;;;;;;;36.980.000.000.000.000;36.980.000.000.000.000;36.980.000.000.000.000
6164;;;;;;;"33,88";"33,88";"33,88";;;;;;
6167;;;;"35,86";"35,86";"35,86";;;;;;;;;
6169;;;;;;;;;;;;;"34,1";"34,1";"34,1"
6178;;;;;;;;;;;;;"30,5";"30,5";"30,5"
6180;;;;;;;;;;"33,64";"33,64";"33,64";;;
6182;"30,82";"30,82";"30,82";;;;;;;;;;31.979.999.999.999.900;31.979.999.999.999.900;31.979.999.999.999.900
6188;;;;;;;;;;;;;34.040.000.000.000.000;34.040.000.000.000.000;34.040.000.000.000.000
6199;;;;"33,44";"33,44";"33,44";;;;;;;"32,42";"32,42";"32,42"
6203;;;;;;;"30,68";"30,68";"30,68";;;;;;
6205;;;;;;;;;;35.519.999.999.999.900;35.519.999.999.999.900;35.519.999.999.999.900;;;
6206;"26,3";"26,3";"26,3";;;;;;;;;;;;
6209;;;;;;;;;;;;;"35,78";"35,78";"35,78"
6211;;;;;;;;;;;;;"34,22";"34,22";"34,22"
6225;;;;;;;;;;"37,32";"37,32";"37,32";;;
6229;;;;;;;;;;;;;"32,32";"32,32";"32,32"
6233;;;;;;;;;;;;;"30,64";"30,64";"30,64"
6241;;;;;;;;;;;;;"33,89";"33,2";"34,58"
6245;17.560.000.000.000.000;17.560.000.000.000.000;17.560.000.000.000.000;;;;;;;;;;;;
6249;;;;"27,64";"27,64";"27,64";;;;;;;;;
6261;;;;;;;;;;;;;"33,58";"33,58";"33,58"
6263;;;;;;;;;;"32,08";"32,08";"32,08";;;
6266;;;;;;;"24,84";"24,84";"24,84";;;;;;
6268;;;;;;;;;;;;;33.739.999.999.999.900;33.739.999.999.999.900;33.739.999.999.999.900
6269;"17,48";"17,48";"17,48";"34,96";"34,96";"34,96";;;;;;;;;
6281;;;;;;;;;;;;;31.580.000.000.000.000;31.580.000.000.000.000;31.580.000.000.000.000
6282;;;;;;;;;;;;;35.099.999.999.999.900;35.099.999.999.999.900;35.099.999.999.999.900
6285;;;;;;;;;;"35,28";"35,28";"35,28";;;
6292;;;;;;;;;;;;;"6,02";"6,02";"6,02"
6294;;;;"34,64";"34,64";"34,64";;;;;;;;;
6296;;;;;;;;;;;;;3.336.000.000.000.000;3.336.000.000.000.000;3.336.000.000.000.000
6300;;;;;;;;;;;;;35.879.999.999.999.900;35.879.999.999.999.900;35.879.999.999.999.900
6308;26.240.000.000.000.000;26.240.000.000.000.000;26.240.000.000.000.000;;;;;;;;;;;;
6316;;;;"35,42";"35,42";"35,42";;;;;;;;;
6328;;;;;;;;;;30.080.000.000.000.000;30.080.000.000.000.000;30.080.000.000.000.000;;;
6330;;;;;;;23.200.000.000.000.000;23.200.000.000.000.000;23.200.000.000.000.000;;;;;;
6332;;;;;;;;;;;;;30.579.999.999.999.900;"30,58";"30,58"
6333;23.740.000.000.000.000;23.740.000.000.000.000;23.740.000.000.000.000;;;;;;;;;;;;
6335;;;;;;;;;;;;;"32,36";"32,36";"32,36"
6338;;;;"35,5";"35,5";"35,5";;;;;;;;;
6342;;;;;;;;;;;;;"25,14";"25,14";"25,14"
6353;;;;;;;;;;"34,28";"34,28";"34,28";;;
6360;;;;;;;;;;;;;"19,04";"19,04";"19,04"
6366;;;;"33,6";"33,6";"33,6";;;;;;;;;
6368;;;;;;;;;;;;;"32,2";"32,2";"32,2"
6371;"21,86";"21,86";"21,86";;;;;;;;;;;;
6372;;;;;;;;;;;;;"31,78";"31,78";"31,78"
6380;;;;;;;;;;;;;"34,46";"34,46";"34,46"
6381;;;;;;;;;;35.239.999.999.999.900;35.239.999.999.999.900;35.239.999.999.999.900;;;
6383;;;;;;;;;;;;;29.560.000.000.000.000;29.560.000.000.000.000;29.560.000.000.000.000
6393;;;;;;;"23,66";"23,66";"23,66";;;;;;
6396;26.199.999.999.999.900;26.199.999.999.999.900;26.199.999.999.999.900;;;;;;;;;;;;
6400;;;;;;;;;;;;;"34,76";"34,76";"34,76"
6402;;;;"32,18";"32,18";"32,18";;;;;;;;;
6403;;;;;;;;;;;;;31.380.000.000.000.000;31.380.000.000.000.000;31.380.000.000.000.000
6405;;;;;;;;;;;;;"33,6";"33,6";"33,6"
6409;;;;;;;;;;"33,44";"33,44";"33,44";;;
6421;;;;;;;;;;;;;"33,04";30.740.000.000.000.000;35.339.999.999.999.900
6426;"33,42";"33,42";"33,42";;;;;;;;;;;;
6429;;;;"32,76";"32,76";"32,76";;;;;;;;;
6432;;;;;;;;;;;;;33.199.999.999.999.900;33.199.999.999.999.900;33.199.999.999.999.900
6435;13.379.999.999.999.900;13.379.999.999.999.900;13.379.999.999.999.900;;;;;;;33.480.000.000.000.000;33.480.000.000.000.000;33.480.000.000.000.000;;;
6439;;;;;;;;;;;;;"36,28";"36,28";"36,28"
6442;;;;;;;;;;;;;36.120.000.000.000.000;36.120.000.000.000.000;36.120.000.000.000.000
6456;;;;32.940.000.000.000.000;32.940.000.000.000.000;32.940.000.000.000.000;22.380.000.000.000.000;22.380.000.000.000.000;22.380.000.000.000.000;;;;;;
6458;;;;;;;;;;;;;25.240.000.000.000.000;25.240.000.000.000.000;25.240.000.000.000.000
6470;;;;;;;;;;"32,82";"32,82";"32,82";;;
6478;;;;"35,08";"35,08";"35,08";;;;;;;29.360.000.000.000.000;"29,36";"29,36"
6484;;;;;;;;;;;;;"30,18";30;"30,36"
6488;;;;;;;;;;;;;"35,64";"35,64";"35,64"
6490;25.159.999.999.999.900;25.159.999.999.999.900;25.159.999.999.999.900;;;;;;;;;;;;
6491;;;;;;;;;;34.980.000.000.000.000;34.980.000.000.000.000;34.980.000.000.000.000;;;
6498;17.659.999.999.999.900;17.659.999.999.999.900;17.659.999.999.999.900;;;;;;;;;;;;
6508;;;;"33,36";"33,36";"33,36";;;;;;;;;
6516;;;;;;;;;;;;;"32,64";"32,64";"32,64"
6517;;;;;;;;;;33.980.000.000.000.000;33.980.000.000.000.000;33.980.000.000.000.000;"34,56";"34,56";"34,56"
6519;;;;;;;"23,94";"23,94";"23,94";;;;;;
6520;;;;;;;;;;;;;31.619.999.999.999.900;31.619.999.999.999.900;31.619.999.999.999.900
6530;;;;;;;;;;;;;28.060.000.000.000.000;28.060.000.000.000.000;28.060.000.000.000.000
6535;;;;;;;"36,94";"36,94";"36,94";;;;;;
6536;;;;;;;;;;"35,5";"35,5";"35,5";;;
6542;;;;"32,16";"32,16";"32,16";;;;;;;;;
6544;;;;;;;;;;;;;3.732.000.000.000.000;3.732.000.000.000.000;3.732.000.000.000.000
6546;;;;;;;;;;37.480.000.000.000.000;37.480.000.000.000.000;37.480.000.000.000.000;;;
6552;;;;;;;;;;;;;"34,38";"34,38";"34,38"
6553;26;26;26;;;;;;;;;;"33,22";"33,22";"33,22"
6561;"25,64";"25,64";"25,64";;;;;;;;;;;;
6570;;;;;;;;;;;;;"33,04";"33,04";"33,04"
6574;;;;;;;;;;;;;25.340.000.000.000.000;25.340.000.000.000.000;25.340.000.000.000.000
6576;;;;;;;;;;"33,94";"33,94";"33,94";;;
6578;;;;31.019.999.999.999.900;31.019.999.999.999.900;31.019.999.999.999.900;;;;;;;;;
6584;;;;;;;;;;;;;"33,12";"33,12";"33,12"
6585;;;;;;;"26,46";"26,46";"26,46";;;;;;
6599;;;;;;;;;;"35,64";"35,64";"35,64";30.409.999.999.999.900;"29,74";"33,76"
6600;;;;;;;;;;;;;"36,48";"36,48";"36,48"
6607;;;;;;;;;;;;;"33,86";"33,86";"33,86"
6616;"27,32";"27,32";"27,32";;;;;;;;;;;;
6617;;;;;;;33.480.000.000.000.000;33.480.000.000.000.000;33.480.000.000.000.000;;;;;;
6620;;;;"29,24";"29,24";"29,24";;;;;;;;;
6623;;;;;;;;;;"35,24";"35,24";"35,24";;;
6624;15.719.999.999.999.900;15.719.999.999.999.900;15.719.999.999.999.900;;;;;;;;;;;;
6628;;;;;;;;;;;;;"33,72";"33,72";"33,72"
6631;;;;;;;;;;;;;31.939.999.999.999.900;31.939.999.999.999.900;31.939.999.999.999.900
6636;;;;;;;;;;;;;"33,58";"33,58";"33,58"
6643;;;;35.839.999.999.999.900;35.839.999.999.999.900;35.839.999.999.999.900;;;;;;;;;
6647;;;;;;;"32,32";"32,32";"32,32";;;;;;
6648;;;;;;;;;;"34,34";"34,34";"34,34";;;
6656;;;;"37,24";"37,24";"37,24";;;;;;;;;
6657;;;;;;;;;;;;;"30,96";"30,96";"30,96"
6663;;;;;;;;;;;;;"34,68";"34,68";"34,68"
6674;;;;;;;"33,22";"33,22";"33,22";;;;;;
6676;;;;35.620.000.000.000.000;35.620.000.000.000.000;35.620.000.000.000.000;;;;;;;"28,78";"28,78";"28,78"
6679;"17,8";"17,8";"17,8";;;;;;;;;;30.060.000.000.000.000;30.060.000.000.000.000;30.060.000.000.000.000
6681;;;;;;;;;;;;;"35,26";"35,26";"35,26"
6685;;;;;;;;;;29.560.000.000.000.000;29.560.000.000.000.000;29.560.000.000.000.000;;;
6688;12.379.999.999.999.900;12.379.999.999.999.900;12.379.999.999.999.900;;;;;;;;;;;;
6694;;;;;;;;;;;;;31.479.999.999.999.900;31.479.999.999.999.900;31.479.999.999.999.900
6697;;;;;;;;;;;;;"36,06";"36,06";"36,06"
6700;;;;"34,66";"34,66";"34,66";;;;;;;;;
6705;;;;;;;;;;"35,64";"35,64";"35,64";;;
6708;;;;;;;;;;;;;"33,3";"33,3";"33,3"
6714;;;;;;;;;;;;;"31,16";"31,16";"31,16"
6716;;;;;;;31.479.999.999.999.900;31.479.999.999.999.900;31.479.999.999.999.900;;;;;;
6722;;;;;;;;;;36.040.000.000.000.000;36.040.000.000.000.000;36.040.000.000.000.000;;;
6727;;;;"33,58";"33,58";"33,58";;;;;;;;;
6729;;;;;;;;;;;;;32.459.999.999.999.900;32.459.999.999.999.900;32.459.999.999.999.900
6730;;;;;;;;;;;;;"34,74";"34,74";"34,74"
6734;;;;;;;;;;;;;"32,22";"32,22";"32,22"
6737;;;;;;;36.379.999.999.999.900;36.379.999.999.999.900;36.379.999.999.999.900;;;;;;
6743;"26,92";"26,92";"26,92";;;;;;;;;;;;
6751;"16,52";"16,52";"16,52";;;;;;;;;;;;
6755;;;;;;;;;;"33,32";"33,32";"33,32";;;
6757;;;;"32,36";"32,36";"32,36";;;;;;;;;
6760;;;;;;;;;;;;;"31,92";"31,92";"31,92"
6762;;;;;;;;;;;;;"34,1";"34,1";"34,1"
6776;;;;;;;;;;;;;"30,04";"30,04";"30,04"
6778;;;;;;;;;;;;;"20,6";"20,6";"20,6"
6779;;;;"35,28";"35,28";"35,28";;;;;;;;;
6781;;;;;;;;;;"34,64";"34,64";"34,64";;;
6786;;;;;;;;;;;;;"34,84";"34,84";"34,84"
6787;;;;;;;;;;;;;"33,24";"33,24";"33,24"
6792;;;;;;;;;;"38,14";"38,14";"38,14";;;
6800;;;;35.480.000.000.000.000;35.480.000.000.000.000;35.480.000.000.000.000;;;;;;;;;
6801;;;;;;;"25,46";"25,46";"25,46";;;;;;
6802;"28,64";"28,64";"28,64";;;;;;;;;;;;
6808;;;;;;;;;;"36,24";"36,24";"36,24";;;
6811;;;;;;;;;;;;;"31,68";"31,68";"31,68"
6812;;;;;;;;;;;;;"34,37";"32,8";"35,94"
6814;22.119.999.999.999.900;22.119.999.999.999.900;22.119.999.999.999.900;;;;;;;;;;;;
6816;;;;;;;;;;;;;"33,02";"33,02";"33,02"
6820;;;;"35,28";"35,28";"35,28";;;;;;;;;
6824;;;;;;;"34,52";"34,52";"34,52";;;;;;
6828;;;;;;;;;;;;;"35,72";"35,72";"35,72"
6832;;;;;;;;;;"34,18";"34,18";"34,18";;;
6835;;;;35.980.000.000.000.000;35.980.000.000.000.000;35.980.000.000.000.000;;;;;;;;;
6838;;;;;;;;;;;;;33.839.999.999.999.900;33.839.999.999.999.900;33.839.999.999.999.900
6844;;;;;;;;;;;;;32.959.999.999.999.900;32.959.999.999.999.900;32.959.999.999.999.900
6847;;;;;;;;;;37.019.999.999.999.900;37.019.999.999.999.900;37.019.999.999.999.900;;;
6849;;;;;;;;;;;;;"32,66";"32,66";"32,66"
6853;;;;;;;;;;;;;"36,7";"36,7";"36,7"
6857;;;;"35,08";"35,08";"35,08";;;;;;;33.879.999.999.999.900;33.879.999.999.999.900;33.879.999.999.999.900
6865;"27,86";"27,86";"27,86";;;;;;;;;;;;
6872;;;;;;;;;;;;;36.879.999.999.999.900;36.879.999.999.999.900;36.879.999.999.999.900
6873;;;;;;;;;;"34,26";"34,26";"34,26";"32,8";"32,8";"32,8"
6876;;;;;;;31.379.999.999.999.900;31.379.999.999.999.900;31.379.999.999.999.900;;;;;;
6877;"24,06";"24,06";"24,06";;;;;;;;;;;;
6889;;;;;;;;;;;;;"30,52";"30,52";"30,52"
6891;;;;;;;"37,2";"37,2";"37,2";"36,46";"36,46";"36,46";"36,1";"36,1";"36,1"
6897;;;;;;;;;;;;;"35,36";"35,36";"35,36"
6899;;;;29.980.000.000.000.000;29.980.000.000.000.000;29.980.000.000.000.000;;;;;;;;;
6916;;;;;;;;;;;;;"15,34";"15,34";"15,34"
6918;;;;;;;;;;;;;"34,94";"34,94";"34,94"
6919;;;;;;;34.980.000.000.000.000;34.980.000.000.000.000;34.980.000.000.000.000;;;;;;
6921;"30,68";"30,68";"30,68";;;;;;;;;;;;
6924;;;;;;;;;;"32,88";"32,88";"32,88";"33,76";"33,76";"33,76"
6935;;;;;;;;;;;;;"30,48";"30,48";"30,48"
6940;;;;;;;;;;"36,7";"36,7";"36,7";;;
6941;"16,32";"16,32";"16,32";;;;;;;;;;"34,68";"34,68";"34,68"
6943;;;;"30,18";"30,18";"30,18";;;;;;;;;
6948;;;;;;;;;;;;;34.120.000.000.000.000;34.120.000.000.000.000;34.120.000.000.000.000
6951;;;;;;;;;;;;;"34,96";"34,96";"34,96"
6970;;;;;;;;;;;;;35.879.999.999.999.900;35.879.999.999.999.900;35.879.999.999.999.900
6971;;;;;;;;;;"32,64";"32,64";"32,64";;;
6973;;;;;;;28.800.000.000.000.000;28.800.000.000.000.000;28.800.000.000.000.000;;;;;;
6975;;;;;;;;;;;;;"35,06";"35,06";"35,06"
6982;;;;;;;;;;;;;"28,36";"28,36";"28,36"
6984;"23,82";"23,82";"23,82";;;;;;;;;;;;
6987;;;;;;;;;;;;;"30,22";"30,22";"30,22"
6992;;;;"28,1";"28,1";"28,1";;;;36.440.000.000.000.000;36.440.000.000.000.000;36.440.000.000.000.000;;;
6997;;;;;;;;;;;;;35.480.000.000.000.000;35.480.000.000.000.000;35.480.000.000.000.000
7000;;;;;;;;;;;;;"34,9";"34,9";"34,9"
7003;;;;;;;;;;;;;"36,14";"36,14";"36,14"
7004;"15,24";"15,24";"15,24";;;;;;;;;;;;
7005;;;;;;;"33,46";"33,46";"33,46";;;;"34,18";"34,18";"34,18"
7010;;;;;;;;;;36.519.999.999.999.900;36.519.999.999.999.900;36.519.999.999.999.900;;;
7017;;;;;;;;;;;;;36;36;36
7022;;;;;;;;;;"37,26";"37,26";"37,26";;;
7023;;;;"31,98";"31,98";"31,98";;;;;;;;;
7027;;;;;;;"35,12";"35,12";"35,12";;;;;;
7028;;;;;;;;;;;;;"34,44";"34,44";"34,44"
7036;;;;;;;;;;36.559.999.999.999.900;36.559.999.999.999.900;36.559.999.999.999.900;;;
7041;31.560.000.000.000.000;31.560.000.000.000.000;31.560.000.000.000.000;;;;;;;;;;;;
7045;;;;;;;;;;;;;34.519.999.999.999.900;34.519.999.999.999.900;34.519.999.999.999.900
7046;;;;;;;;;;;;;"28,12";"28,12";"28,12"
7051;;;;;;;;;;;;;"34,74";"34,74";"34,74"
7054;;;;"32,9";"32,9";"32,9";;;;;;;;;
7055;;;;;;;;;;"35,68";"35,68";"35,68";;;
7061;;;;;;;"32,36";"32,36";"32,36";;;;2.973.333.333.333.330;"28,14";"37,7"
7062;;;;;;;;;;;;;"36,42";"36,42";"36,42"
7067;24.259.999.999.999.900;24.259.999.999.999.900;24.259.999.999.999.900;;;;;;;;;;;;
7073;;;;;;;;;;"35,72";"35,72";"35,72";;;
7074;;;;;;;;;;;;;36.980.000.000.000.000;36.980.000.000.000.000;36.980.000.000.000.000
7076;;;;35.620.000.000.000.000;35.620.000.000.000.000;35.620.000.000.000.000;;;;;;;;;
7079;"30,74";"30,74";"30,74";;;;;;;;;;;;
7093;;;;;;;;;;;;;29.720.000.000.000.000;29.720.000.000.000.000;29.720.000.000.000.000
7097;;;;;;;;;;;;;"32,46";"32,46";"32,46"
7101;;;;;;;"32,08";"32,08";"32,08";;;;;;
7114;;;;;;;;;;;;;31.740.000.000.000.000;31.740.000.000.000.000;31.740.000.000.000.000
7115;;;;"31,18";"31,18";"31,18";;;;;;;;;
7116;;;;;;;;;;;;;"29,02";"29,02";"29,02"
7120;;;;;;;"36,28";"36,28";"36,28";"28,78";"28,78";"28,78";;;
7128;;;;"37,56";"37,56";"37,56";;;;;;;;;
7130;26.860.000.000.000.000;26.860.000.000.000.000;26.860.000.000.000.000;;;;;;;;;;;;
7131;;;;;;;;;;;;;"35,7";"35,7";"35,7"
7133;;;;;;;;;;;;;"32,16";"32,16";"32,16"
7135;;;;;;;;;;36.260.000.000.000.000;36.260.000.000.000.000;36.260.000.000.000.000;;;
7142;"27,84";"27,84";"27,84";;;;;;;;;;"28,94";"28,94";"28,94"
7147;;;;"36,68";"36,68";"36,68";;;;;;;;;
7148;;;;;;;;;;"37,44";"37,44";"37,44";36.379.999.999.999.900;36.379.999.999.999.900;36.379.999.999.999.900
7156;;;;;;;"33,72";"33,72";"33,72";;;;;;
7166;;;;;;;;;;;;;"33,22";"33,22";"33,22"
7167;;;;;;;;;;;;;"35,96";"35,96";"35,96"
7169;;;;35.699.999.999.999.900;35.699.999.999.999.900;35.699.999.999.999.900;;;;;;;;;
7170;;;;;;;;;;"34,96";"34,96";"34,96";;;
7179;30.060.000.000.000.000;30.060.000.000.000.000;30.060.000.000.000.000;;;;;;;;;;"21,5";"21,5";"21,5"
7183;;;;;;;;;;;;;"33,9";"33,9";"33,9"
7186;;;;;;;;;;;;;"35,8";"35,8";"35,8"
7187;;;;;;;;;;"37,08";"37,08";"37,08";;;
7189;;;;;;;;;;;;;"35,7";"35,7";"35,7"
7194;"23,5";"23,5";"23,5";;;;;;;;;;;;
7197;;;;;;;;;;;;;"36,54";"36,54";"36,54"
7210;;;;;;;29.160.000.000.000.000;29.160.000.000.000.000;29.160.000.000.000.000;;;;;;
7211;;;;;;;;;;"33,88";"33,88";"33,88";;;
7212;;;;;;;;;;;;;35.879.999.999.999.900;35.879.999.999.999.900;35.879.999.999.999.900
7217;;;;"30,72";"30,72";"30,72";;;;;;;"35,12";"35,12";"35,12"
7225;;;;;;;;;;;;;31.080.000.000.000.000;31.080.000.000.000.000;31.080.000.000.000.000
7232;;;;"37,14";"37,14";"37,14";;;;;;;;;
7235;26.900.000.000.000.000;26.900.000.000.000.000;26.900.000.000.000.000;;;;;;;;;;;;
7239;;;;;;;;;;"33,58";"33,58";"33,58";;;
7242;;;;;;;;;;;;;"28,8";"23,72";"33,88"
7247;;;;;;;;;;;;;"33,66";"33,66";"33,66"
7255;;;;"34,28";"34,28";"34,28";;;;;;;;;
7257;23.759.999.999.999.900;23.759.999.999.999.900;23.759.999.999.999.900;;;;;;;;;;;;
7265;;;;;;;;;;;;;"34,6";"34,6";"34,6"
7268;"33,6";"33,6";"33,6";;;;;;;;;;;;
7270;;;;;;;;;;;;;31.360.000.000.000.000;"31,36";"31,36"
7273;;;;;;;;;;;;;35.379.999.999.999.900;35.379.999.999.999.900;35.379.999.999.999.900
7274;;;;;;;"25,76";"25,76";"25,76";;;;;;
7275;;;;;;;;;;;;;"32,66";"32,66";"32,66"
7278;;;;"35,48";"35,48";"35,48";;;;;;;;;
7279;;;;;;;;;;"28,3";"28,3";"28,3";;;
7291;;;;;;;;;;;;;"35,9";"35,9";"35,9"
7292;;;;;;;"35,92";"35,92";"35,92";;;;36.459.999.999.999.900;36.459.999.999.999.900;36.459.999.999.999.900
7294;;;;3.599.999.999.999.990;3.599.999.999.999.990;3.599.999.999.999.990;;;;36.699.999.999.999.900;36.699.999.999.999.900;36.699.999.999.999.900;;;
7295;;;;;;;;;;;;;33.160.000.000.000.000;33.160.000.000.000.000;33.160.000.000.000.000
7305;;;;;;;;;;;;;33;33;33
7313;;;;"35,94";"35,94";"35,94";;;;;;;;;
7314;"32,66";"32,66";"32,66";;;;;;;;;;;;
7316;;;;;;;"34,44";"34,44";"34,44";;;;;;
7320;"21,78";"21,78";"21,78";;;;;;;;;;;;
7322;;;;;;;;;;34.480.000.000.000.000;34.480.000.000.000.000;34.480.000.000.000.000;;;
7323;;;;;;;;;;;;;"32,4";"32,18";"32,62"
7326;;;;;;;;;;;;;"35,94";"35,94";"35,94"
7331;;;;"35,9";"35,9";"35,9";;;;;;;"30,26";"30,26";"30,26"
7334;;;;;;;"36,3";"36,3";"36,3";;;;;;
7336;;;;;;;;;;"37,04";"37,04";"37,04";;;
7346;;;;;;;;;;;;;"36,26";"36,26";"36,26"
7350;;;;;;;;;;;;;3.617.999.999.999.990;3.617.999.999.999.990;3.617.999.999.999.990
7356;;;;;;;;;;;;;33.160.000.000.000.000;33.160.000.000.000.000;33.160.000.000.000.000
7358;;;;;;;;;;;;;"33,82";"33,04";"37,72"
7366;;;;30.260.000.000.000.000;30.260.000.000.000.000;30.260.000.000.000.000;;;;;;;;;
7371;;;;;;;;;;30.800.000.000.000.000;30.800.000.000.000.000;30.800.000.000.000.000;;;
7372;;;;;;;"33,92";"33,92";"33,92";;;;;;
7377;22.020.000.000.000.000;22.020.000.000.000.000;22.020.000.000.000.000;;;;;;;;;;;;
7381;;;;;;;;;;;;;"34,36";"34,36";"34,36"
7383;"27,44";"27,44";"27,44";;;;;;;;;;;;
7384;;;;;;;;;;;;;"32,76";"32,76";"32,76"
7386;;;;;;;;;;"37,22";"37,22";"37,22";;;
7395;;;;;;;;;;;;;"31,24";31.239.999.999.999.900;31.239.999.999.999.900
7399;;;;;;;;;;;;;"29,98";"29,98";"29,98"
7408;;;;;;;;;;;;;"34,82";"34,82";"34,82"
7410;;;;;;;"32,68";"32,68";"32,68";;;;33.620.000.000.000.000;33.620.000.000.000.000;33.620.000.000.000.000
7411;"33,44";"33,44";"33,44";;;;;;;;;;;;
7412;;;;;;;;;;"34,08";"34,08";"34,08";;;
7430;;;;14.120.000.000.000.000;14.120.000.000.000.000;14.120.000.000.000.000;;;;;;;"36,7";"36,7";"36,7"
7432;;;;;;;;;;"35,4";"35,4";"35,4";;;
7437;;;;;;;;;;;;;"31,8";"31,8";"31,8"
7446;;;;;;;;;;;;;"36,92";"36,92";"36,92"
7447;"22,76";"22,76";"22,76";;;;;;;;;;31.396.666.666.666.600;31.120.000.000.000.000;"32,78"
7451;;;;"35,14";"35,14";"35,14";;;;;;;;;
7463;;;;;;;;;;;;;"36,88";"36,88";"36,88"
7465;;;;;;;;;;;;;"34,86";"34,86";"34,86"
7473;;;;;;;;;;28.480.000.000.000.000;28.480.000.000.000.000;28.480.000.000.000.000;;;
7474;28.439.999.999.999.900;28.439.999.999.999.900;28.439.999.999.999.900;;;;"20,32";"20,32";"20,32";;;;;;
7479;;;;;;;;;;;;;31.660.000.000.000.000;31.660.000.000.000.000;31.660.000.000.000.000
7484;;;;;;;;;;;;;"35,62";"35,62";"35,62"
7485;;;;;;;;;;;;;"27,6";"27,6";"27,6"
7494;;;;"33,26";"33,26";"33,26";;;;;;;;;
7500;31.900.000.000.000.000;31.900.000.000.000.000;31.900.000.000.000.000;;;;;;;;;;"34,04";"34,04";"34,04"
7503;;;;;;;;;;"32,72";"32,72";"32,72";;;
7504;;;;;;;;;;;;;3.463.999.999.999.990;3.463.999.999.999.990;3.463.999.999.999.990
7506;;;;;;;32;32;32;;;;;;
7516;;;;;;;;;;;;;"33,14";"33,14";"33,14"
7518;;;;"35,22";"35,22";"35,22";;;;;;;;;
7519;;;;;;;;;;"36,56";"36,56";"36,56";;;
7525;;;;;;;;;;;;;31.759.999.999.999.900;31.759.999.999.999.900;31.759.999.999.999.900
7527;;;;;;;;;;;;;"34,28";"34,28";"34,28"
7534;;;;;;;;;;"36,44";"36,44";"36,44";;;
7535;;;;;;;;;;;;;"32,9";"32,9";"32,9"
7537;"25,38";"25,38";"25,38";;;;;;;;;;;;
7545;;;;;;;;;;;;;"36,32";"36,32";"36,32"
7550;;;;;;;29.299.999.999.999.900;29.299.999.999.999.900;29.299.999.999.999.900;;;;;;
7551;;;;;;;;;;;;;"34,92";"34,92";"34,92"
7559;;;;;;;;;;;;;"31,08";"31,08";"31,08"
7563;"26,68";"26,68";"26,68";;;;;;;;;;;;
7566;;;;;;;;;;"32,54";"32,54";"32,54";;;
7567;;;;;;;;;;;;;"31,02";"31,02";"31,02"
7568;;;;25.419.999.999.999.900;25.419.999.999.999.900;25.419.999.999.999.900;;;;;;;;;
7573;;;;;;;35.379.999.999.999.900;35.379.999.999.999.900;35.379.999.999.999.900;;;;"37,12";"37,12";"37,12"
7581;;;;;;;;;;;;;"33,78";"33,78";"33,78"
7583;;;;;;;;;;;;;"32,94";"32,94";"32,94"
7586;;;;;;;;;;;;;36.120.000.000.000.000;36.120.000.000.000.000;36.120.000.000.000.000
7587;;;;;;;;;;"35,3";"35,3";"35,3";;;
7594;;;;;;;"35,4";"35,4";"35,4";;;;;;
7598;;;;;;;;;;;;;32.959.999.999.999.900;32.959.999.999.999.900;32.959.999.999.999.900
7599;"31,18";"31,18";"31,18";;;;;;;;;;;;
7607;;;;"32,14";"32,14";"32,14";;;;;;;;;
7609;;;;;;;;;;;;;"35,04";"35,04";"35,04"
7612;;;;;;;;;;"33,94";"33,94";"33,94";;;
7615;;;;;;;;;;;;;"36,58";"36,58";"36,58"
7616;;;;;;;;;;;;;34.660.000.000.000.000;34.660.000.000.000.000;34.660.000.000.000.000
7619;;;;;;;"36,42";"36,42";"36,42";;;;;;
7626;"24,56";"24,56";"24,56";;;;;;;;;;;;
7628;;;;;;;;;;;;;"30,26";"30,26";"30,26"
7630;;;;36.660.000.000.000.000;36.660.000.000.000.000;36.660.000.000.000.000;;;;;;;;;
7634;;;;;;;;;;;;;36.839.999.999.999.900;36.839.999.999.999.900;36.839.999.999.999.900
7636;;;;;;;;;;"33,64";"33,64";"33,64";;;
7645;;;;"37,42";"37,42";"37,42";;;;;;;;;
7647;;;;;;;;;;;;;31.040.000.000.000.000;31.040.000.000.000.000;31.040.000.000.000.000
7652;;;;;;;33.699.999.999.999.900;33.699.999.999.999.900;33.699.999.999.999.900;;;;;;
7660;;;;;;;;;;;;;"34,4";"34,4";"34,4"
7661;;;;"36,04";"36,04";"36,04";;;;;;;;;
7663;"28,14";"28,14";"28,14";;;;;;;;;;;;
7667;;;;;;;;;;;;;"32,6";"32,6";"32,6"
7670;;;;;;;;;;"31,44";"31,44";"31,44";;;
7671;;;;;;;;;;;;;"30,28";"30,28";"30,28"
7672;;;;;;;34.480.000.000.000.000;34.480.000.000.000.000;34.480.000.000.000.000;;;;;;
7674;;;;;;;;;;;;;"35,1";"35,1";"35,1"
7676;;;;;;;;;;;;;"37,28";"37,28";"37,28"
7686;;;;;;;;;;;;;37;37;37
7689;;;;"33,22";"33,22";"33,22";;;;;;;;;
7690;25.879.999.999.999.900;25.879.999.999.999.900;25.879.999.999.999.900;;;;;;;;;;;;
7692;;;;;;;;;;"36,26";"36,26";"36,26";;;
7700;;;;;;;;;;;;;"35,2";"35,2";"35,2"
7701;;;;;;;;;;;;;"32,9";"32,9";"32,9"
7705;;;;;;;;;;;;;"33,58";"33,58";"33,58"
7711;;;;"36,56";"36,56";"36,56";33.040.000.000.000.000;33.040.000.000.000.000;33.040.000.000.000.000;;;;;;
7714;;;;;;;;;;;;;"34,32";"34,32";"34,32"
7726;"21,32";"21,32";"21,32";;;;;;;;;;;;
7728;;;;"35,62";"35,62";"35,62";;;;;;;;;
7731;;;;;;;;;;;;;"32,22";"32,22";"32,22"
7733;;;;;;;"35,56";"35,56";"35,56";;;;;;
7736;;;;;;;;;;29.740.000.000.000.000;29.740.000.000.000.000;29.740.000.000.000.000;;;
7737;;;;;;;;;;;;;30.939.999.999.999.900;30.939.999.999.999.900;30.939.999.999.999.900
7741;;;;;;;;;;;;;34.900.000.000.000.000;34.900.000.000.000.000;34.900.000.000.000.000
7744;;;;;;;;;;;;;"29,46";"29,46";"29,46"
7750;;;;;;;"36,22";"36,22";"36,22";;;;;;
7751;;;;34.620.000.000.000.000;34.620.000.000.000.000;34.620.000.000.000.000;;;;;;;;;
7753;"27,4";"27,4";"27,4";;;;;;;;;;;;
7766;;;;"36,34";"36,34";"36,34";;;;;;;;;
7768;;;;;;;3.632.000.000.000.000;3.632.000.000.000.000;3.632.000.000.000.000;;;;;;
7781;;;;;;;"36,96";"36,96";"36,96";;;;"31,68";"31,68";"31,68"
7782;;;;;;;;;;;;;"33,58";"33,58";"33,58"
7784;;;;;;;;;;;;;"28,4";"27,5";29.299.999.999.999.900
7789;25.439.999.999.999.900;25.439.999.999.999.900;25.439.999.999.999.900;;;;;;;;;;;;
7798;;;;;;;;;;"22,92";"22,92";"22,92";;;
7805;;;;"29,98";"29,98";"29,98";;;;;;;;;
7807;"35,5";"35,5";"35,5";;;;;;;;;;;;
7808;;;;;;;;;;;;;3.382.999.999.999.990;33.699.999.999.999.900;34.480.000.000.000.000
7811;;;;;;;"35,5";"35,5";"35,5";;;;;;
7812;"26,64";"26,64";"26,64";;;;;;;;;;;;
7815;;;;;;;;;;;;;"30,98";"30,98";"30,98"
7824;;;;;;;;;;"33,86";"33,86";"33,86";;;
7830;;;;33.980.000.000.000.000;33.980.000.000.000.000;33.980.000.000.000.000;;;;;;;;;
7833;;;;;;;;;;"37,72";"37,72";"37,72";"29,6";"29,6";"29,6"
7835;;;;;;;;;;;;;35.019.999.999.999.900;35.019.999.999.999.900;35.019.999.999.999.900
7837;;;;;;;;;;;;;"34,44";"34,44";"34,44"
7840;;;;;;;;;;;;;31.979.999.999.999.900;31.979.999.999.999.900;31.979.999.999.999.900
7841;;;;;;;"34,5";"34,5";"34,5";;;;;;
7845;;;;;;;;;;;;;37.760.000.000.000.000;37.760.000.000.000.000;37.760.000.000.000.000
7851;;;;"35,92";"35,92";"35,92";;;;;;;;;
7852;;;;;;;;;;37.019.999.999.999.900;37.019.999.999.999.900;37.019.999.999.999.900;;;
7859;;;;;;;;;;;;;"33,16";"33,16";"33,16"
7865;;;;;;;"35,34";"35,34";"35,34";;;;;;
7870;;;;;;;;;;;;;"33,3";"33,3";"33,3"
7871;26.419.999.999.999.900;26.419.999.999.999.900;26.419.999.999.999.900;;;;;;;;;;;;
7873;;;;"34,34";"34,34";"34,34";;;;;;;;;
7875;"9,34";"9,34";"9,34";;;;;;;;;;;;
7878;;;;;;;;;;;;;"33,46";"33,46";"33,46"
7885;;;;;;;35.519.999.999.999.900;35.519.999.999.999.900;35.519.999.999.999.900;;;;;;
7895;;;;;;;;;;"27,86";"27,86";"27,86";;;
7897;;;;;;;;;;;;;30.939.999.999.999.900;30.939.999.999.999.900;30.939.999.999.999.900
7899;;;;"34,42";"34,42";"34,42";;;;;;;;;
7905;;;;;;;"35,06";"35,06";"35,06";;;;;;
7907;;;;;;;;;;;;;3.381.999.999.999.990;3.381.999.999.999.990;3.381.999.999.999.990
7910;;;;;;;;;;;;;3.297.666.666.666.660;"29,76";33.620.000.000.000.000
7919;;;;;;;;;;"34,3";"34,3";"34,3";;;
7926;;;;;;;;;;;;;31.620.000.000.000.000;31.620.000.000.000.000;31.620.000.000.000.000
7927;;;;;;;34.800.000.000.000.000;34.800.000.000.000.000;34.800.000.000.000.000;;;;"35,68";"35,68";"35,68"
7932;30.700.000.000.000.000;30.700.000.000.000.000;30.700.000.000.000.000;;;;;;;;;;;;
7935;;;;"30,08";"30,08";"30,08";;;;;;;;;
7937;;;;;;;;;;37.120.000.000.000.000;37.120.000.000.000.000;37.120.000.000.000.000;;;
7938;"26,2";"26,2";"26,2";;;;;;;;;;;;
7950;;;;;;;;;;;;;32.519.999.999.999.900;32.519.999.999.999.900;32.519.999.999.999.900
7954;;;;;;;;;;;;;"35,54";"35,54";"35,54"
7955;;;;;;;;;;;;;"33,86";"33,86";"33,86"
7956;;;;;;;;;;;;;"29,3";"29,3";"29,3"
7958;;;;"33,92";"33,92";"33,92";;;;;;;;;
7960;;;;;;;"31,58";"31,58";"31,58";;;;;;
7964;;;;;;;;;;;;;38.160.000.000.000.000;38.160.000.000.000.000;38.160.000.000.000.000
7973;;;;;;;;;;"30,08";"30,08";"30,08";;;
7977;;;;;;;;;;;;;"34,1";"34,1";"34,1"
7978;;;;;;;;;;;;;"33,46";"33,46";"33,46"
7984;;;;34.239.999.999.999.900;34.239.999.999.999.900;34.239.999.999.999.900;;;;;;;;;
7986;;;;;;;;;;;;;"33,3";"33,3";"33,3"
7989;"28,02";"28,02";"28,02";;;;;;;;;;;;
7990;;;;;;;"32,2";"32,2";"32,2";;;;;;
7995;;;;;;;;;;"34,28";"34,28";"34,28";31.659.999.999.999.900;31.659.999.999.999.900;31.659.999.999.999.900
8000;;;;36.019.999.999.999.900;36.019.999.999.999.900;36.019.999.999.999.900;;;;;;;;;
8001;"27,36";"27,36";"27,36";;;;;;;;;;;;
8005;;;;;;;;;;;;;34.239.999.999.999.900;34.239.999.999.999.900;34.239.999.999.999.900
8006;;;;;;;;;;37.379.999.999.999.900;37.379.999.999.999.900;37.379.999.999.999.900;;;
8007;;;;;;;36.480.000.000.000.000;36.480.000.000.000.000;36.480.000.000.000.000;;;;;;
8015;;;;;;;;;;;;;35.879.999.999.999.900;35.879.999.999.999.900;35.879.999.999.999.900
8019;;;;;;;;;;"37,14";"37,14";"37,14";;;
8022;;;;;;;;;;;;;27.779.999.999.999.900;27.779.999.999.999.900;27.779.999.999.999.900
8023;;;;;;;;;;;;;"35,66";"35,66";"35,66"
8028;;;;;;;"35,34";"35,34";"35,34";;;;;;
8029;;;;;;;;;;;;;29.299.999.999.999.900;29.299.999.999.999.900;29.299.999.999.999.900
8031;;;;;;;;;;;;;"37,3";"37,3";"37,3"
8035;;;;;;;;;;"35,96";"35,96";"35,96";;;
8037;"32,34";"32,34";"32,34";;;;;;;;;;;;
8046;;;;;;;;;;;;;"36,22";"36,22";"36,22"
8047;;;;30.860.000.000.000.000;30.860.000.000.000.000;30.860.000.000.000.000;;;;;;;;;
8048;;;;;;;"35,8";"35,8";"35,8";;;;;;
8054;;;;;;;;;;"35,14";"35,14";"35,14";;;
8056;;;;;;;;;;;;;"34,34";"34,34";"34,34"
8063;;;;;;;;;;;;;32.169.999.999.999.900;"31,34";3.631.999.999.999.990
8065;"21,06";"21,06";"21,06";;;;;;;;;;;;
8066;;;;35.160.000.000.000.000;35.160.000.000.000.000;35.160.000.000.000.000;;;;;;;;;
8069;;;;;;;;;;;;;"34,44";"34,44";"34,44"
8073;;;;;;;"34,94";"34,94";"34,94";;;;;;
8074;;;;;;;;;;;;;36.379.999.999.999.900;36.379.999.999.999.900;36.379.999.999.999.900
8080;;;;;;;;;;;;;"36,96";"36,96";"36,96"
8083;;;;;;;;;;"33,6";"33,6";"33,6";;;
8085;;;;"35,52";"35,52";"35,52";;;;;;;;;
8088;;;;;;;;;;;;;37.480.000.000.000.000;37.480.000.000.000.000;37.480.000.000.000.000
8093;;;;;;;"36,2";"36,2";"36,2";;;;;;
8098;;;;;;;;;;;;;33.099.999.999.999.900;33.099.999.999.999.900;33.099.999.999.999.900
8100;"25,86";"25,86";"25,86";;;;;;;;;;;;
8102;;;;;;;;;;;;;36.019.999.999.999.900;36.019.999.999.999.900;36.019.999.999.999.900
8105;;;;;;;;;;;;;"33,3";"33,3";"33,3"
8111;;;;;;;;;;32.879.999.999.999.900;32.879.999.999.999.900;32.879.999.999.999.900;;;
8113;;;;;;;35.120.000.000.000.000;35.120.000.000.000.000;35.120.000.000.000.000;;;;"34,44";"34,44";"34,44"
8122;;;;31.919.999.999.999.900;31.919.999.999.999.900;31.919.999.999.999.900;;;;;;;;;
8124;;;;;;;;;;;;;34.199.999.999.999.900;34.199.999.999.999.900;34.199.999.999.999.900
8128;"27,24";"27,24";"27,24";;;;;;;;;;;;
8136;;;;;;;;;;;;;"34,5";"34,5";"34,5"
8141;;;;;;;;;;"31,56";"31,56";"31,56";;;
8148;;;;;;;"32,6";"32,6";"32,6";;;;30.840.000.000.000.000;30.840.000.000.000.000;30.840.000.000.000.000
8151;;;;;;;;;;;;;30.859.999.999.999.900;30.859.999.999.999.900;30.859.999.999.999.900
8156;;;;"31,18";"31,18";"31,18";;;;;;;;;
8157;;;;;;;;;;;;;33.019.999.999.999.900;33.019.999.999.999.900;33.019.999.999.999.900
8162;;;;;;;;;;;;;"34,6";"34,6";"34,6"
8164;"22,28";"22,28";"22,28";;;;;;;;;;;;
8166;;;;;;;;;;"35,58";"35,58";"35,58";;;
8171;;;;36.980.000.000.000.000;36.980.000.000.000.000;36.980.000.000.000.000;;;;;;;;;
8174;;;;;;;;;;;;;"34,56";"34,56";"34,56"
8176;;;;;;;"35,08";"35,08";"35,08";;;;"35,06";"35,06";"35,06"
8188;;;;;;;;;;;;;32.980.000.000.000.000;32.980.000.000.000.000;32.980.000.000.000.000
8191;26.419.999.999.999.900;26.419.999.999.999.900;26.419.999.999.999.900;;;;;;;;;;;;
8192;;;;;;;;;;;;;"35,94";"35,94";"35,94"
8197;;;;;;;;;;;;;34.980.000.000.000.000;34.980.000.000.000.000;34.980.000.000.000.000
8203;;;;"30,84";"30,84";"30,84";;;;;;;;;
8207;;;;;;;;;;;;;"37,72";"37,72";"37,72"
8209;;;;;;;;;;"28,38";"28,38";"28,38";;;
8212;;;;;;;"33,28";"33,28";"33,28";;;;;;
8214;;;;;;;;;;;;;"34,22";"34,22";"34,22"
8218;;;;;;;;;;;;;"28,46";"28,46";"28,46"
8225;"29,46";"29,46";"29,46";;;;;;;;;;;;
8227;;;;;;;;;;;;;"36,32";"36,32";"36,32"
8228;;;;;;;;;;"35,5";"35,5";"35,5";;;
8230;;;;;;;;;;;;;"33,44";"33,44";"33,44"
8231;;;;;;;;;;;;;"36,64";"36,64";"36,64"
8233;;;;"32,92";"32,92";"32,92";;;;;;;;;
8237;;;;;;;"33,32";"33,32";"33,32";;;;;;
8247;;;;;;;;;;;;;34.760.000.000.000.000;34.760.000.000.000.000;34.760.000.000.000.000
8250;;;;;;;;;;;;;33.800.000.000.000.000;33.800.000.000.000.000;33.800.000.000.000.000
8253;;;;"35,94";"35,94";"35,94";;;;;;;;;
8254;"24,14";"24,14";"24,14";;;;;;;"32,52";"32,52";"32,52";;;
8264;;;;;;;"35,18";"35,18";"35,18";;;;;;
8266;;;;;;;;;;;;;"32,58";"32,58";"32,58"
8269;;;;"35,96";"35,96";"35,96";;;;;;;"33,63";31;36.260.000.000.000.000
8272;;;;;;;;;;"35,1";"35,1";"35,1";;;
8282;;;;;;;;;;;;;"37,1";"37,1";"37,1"
8288;"24,84";"24,84";"24,84";;;;;;;;;;;;
8294;;;;;;;;;;;;;29.060.000.000.000.000;29.060.000.000.000.000;29.060.000.000.000.000
8298;;;;"34,32";"34,32";"34,32";;;;;;;;;
8299;;;;;;;;;;;;;"34,1";"34,1";"34,1"
8303;;;;;;;;;;;;;"32,86";"32,86";"32,86"
8311;;;;;;;;;;31.099.999.999.999.900;31.099.999.999.999.900;31.099.999.999.999.900;;;
8314;;;;;;;31.799.999.999.999.900;31.799.999.999.999.900;31.799.999.999.999.900;;;;;;
8318;"23,32";"23,32";"23,32";"35,64";"35,64";"35,64";;;;;;;;;
8321;;;;;;;;;;;;;"34,48";"34,48";"34,48"
8322;;;;;;;;;;;;;35.120.000.000.000.000;35.120.000.000.000.000;35.120.000.000.000.000
8327;;;;;;;;;;;;;"31,28";"31,28";"31,28"
8330;;;;;;;;;;;;;"32,64";"32,64";"32,64"
8332;"33,64";"33,64";"33,64";;;;;;;;;;;;
8342;;;;;;;"33,72";"33,72";"33,72";;;;;;
8347;;;;;;;;;;"30,1";"30,1";"30,1";;;
8348;;;;;;;;;;;;;"34,28";"34,28";"34,28"
8354;;;;;;;;;;;;;"34,08";"34,08";"34,08"
8358;;;;;;;;;;;;;"32,82";"32,82";"32,82"
8362;;;;;;;;;;;;;37.519.999.999.999.900;37.519.999.999.999.900;37.519.999.999.999.900
8366;;;;"27,54";"27,54";"27,54";;;;;;;;;
8367;;;;;;;;;;35.400.000.000.000.000;35.400.000.000.000.000;35.400.000.000.000.000;;;
8368;;;;;;;;;;;;;33;33;33
8369;;;;;;;"34,16";"34,16";"34,16";;;;;;
8376;"33,38";"33,38";"33,38";;;;;;;;;;;;
8379;;;;;;;;;;37.980.000.000.000.000;37.980.000.000.000.000;37.980.000.000.000.000;;;
8381;"24,4";"24,4";"24,4";;;;;;;;;;;;
8382;;;;;;;;;;;;;"36,08";"36,08";"36,08"
8387;;;;"36,4";"36,4";"36,4";;;;;;;;;
8389;;;;;;;"35,7";"35,7";"35,7";;;;;;
8391;;;;;;;;;;;;;"34,32";"34,32";"34,32"
8392;;;;;;;;;;;;;31.619.999.999.999.900;31.619.999.999.999.900;31.619.999.999.999.900
8396;;;;;;;;;;;;;3.220.666.666.666.660;"31,22";3.713.999.999.999.990
8405;;;;;;;;;;"32,88";"32,88";"32,88";;;
8407;34.260.000.000.000.000;34.260.000.000.000.000;34.260.000.000.000.000;;;;;;;;;;;;
8410;;;;;;;;;;;;;37.120.000.000.000.000;37.120.000.000.000.000;37.120.000.000.000.000
8414;;;;;;;3.468.000.000.000.000;3.468.000.000.000.000;3.468.000.000.000.000;;;;;;
8417;;;;;;;;;;;;;3.381.999.999.999.990;3.381.999.999.999.990;3.381.999.999.999.990
8418;;;;;;;;;;36.980.000.000.000.000;36.980.000.000.000.000;36.980.000.000.000.000;;;
8423;;;;;;;;;;;;;"34,32";"34,32";"34,32"
8424;;;;;;;;;;;;;"33,94";"33,94";"33,94"
8426;;;;;;;"36,96";"36,96";"36,96";;;;;;
8434;;;;;;;;;;36.699.999.999.999.900;36.699.999.999.999.900;36.699.999.999.999.900;;;
8441;;;;;;;;;;;;;"34,12";"34,12";"34,12"
8442;28.939.999.999.999.900;28.939.999.999.999.900;28.939.999.999.999.900;;;;;;;;;;;;
8443;;;;;;;"37,16";"37,16";"37,16";;;;;;
8447;;;;"27,72";"27,72";"27,72";;;;;;;;;
8448;;;;;;;;;;"37,12";"37,12";"37,12";;;
8454;;;;;;;;;;;;;"37,64";"37,64";"37,64"
8458;;;;;;;;;;;;;"31,9";31.900.000.000.000.000;31.900.000.000.000.000
8459;;;;;;;;;;;;;"32,32";"32,32";"32,32"
8460;;;;;;;;;;;;;"33,36";"33,36";"33,36"
8462;;;;;;;;;;"37,7";"37,7";"37,7";;;
8468;;;;"35,58";"35,58";"35,58";;;;;;;;;
8470;"18,14";"18,14";"18,14";;;;;;;;;;;;
8475;;;;;;;"33,08";"33,08";"33,08";;;;;;
8483;;;;;;;;;;;;;"33,64";"33,64";"33,64"
8486;;;;;;;"37,86";"37,86";"37,86";;;;;;
8490;;;;;;;;;;;;;"31,96";"31,96";"31,96"
8491;;;;;;;;;;;;;"31,66";"31,66";"31,66"
8492;"35,28";"35,28";"35,28";;;;;;;;;;;;
8493;;;;"33,98";"33,98";"33,98";;;;;;;;;
8496;;;;;;;;;;;;;"37,5";"37,5";"37,5"
8498;;;;;;;;;;;;;"32,34";"32,34";"32,34"
8503;;;;;;;;;;"29,1";"29,1";"29,1";;;
8506;26.480.000.000.000.000;26.480.000.000.000.000;26.480.000.000.000.000;;;;;;;;;;;;
8509;;;;;;;"34,5";"34,5";"34,5";;;;;;
8511;;;;35.879.999.999.999.900;35.879.999.999.999.900;35.879.999.999.999.900;;;;;;;;;
8517;;;;;;;;;;;;;"33,96";"33,96";"33,96"
8519;;;;;;;;;;;;;"35,22";"35,22";"35,22"
8520;;;;;;;;;;;;;"35,54";"35,54";"35,54"
8521;;;;;;;;;;"36,16";"36,16";"36,16";;;
8524;;;;;;;"37,26";"37,26";"37,26";;;;;;
8532;;;;;;;;;;;;;32.419.999.999.999.900;32.419.999.999.999.900;32.419.999.999.999.900
8538;;;;"34,38";"34,38";"34,38";;;;"36,22";"36,22";"36,22";;;
8541;;;;;;;;;;;;;35.980.000.000.000.000;35.980.000.000.000.000;35.980.000.000.000.000
8544;;;;;;;;;;;;;33.760.000.000.000.000;33.760.000.000.000.000;33.760.000.000.000.000
8554;;;;;;;;;;"36,56";"36,56";"36,56";;;
8556;"26,9";"26,9";"26,9";;;;;;;;;;;;
8559;;;;;;;"34,54";"34,54";"34,54";;;;;;
8560;;;;;;;;;;;;;"29,46";"29,46";"29,46"
8565;;;;;;;;;;;;;"34,36";"34,36";"34,36"
8569;23.759.999.999.999.900;23.759.999.999.999.900;23.759.999.999.999.900;"31,52";"31,52";"31,52";;;;;;;;;
8574;;;;;;;;;;;;;"30,36";"30,36";"30,36"
8576;;;;;;;;;;;;;37.120.000.000.000.000;37.120.000.000.000.000;37.120.000.000.000.000
8580;;;;;;;;;;"32,82";"32,82";"32,82";;;
8583;;;;;;;;;;;;;"34,36";"34,36";"34,36"
8589;;;;;;;;;;;;;"35,76";"35,76";"35,76"
8598;;;;;;;;;;"37,06";"37,06";"37,06";"33,9";"33,9";"33,9"
8603;;;;31.720.000.000.000.000;31.720.000.000.000.000;31.720.000.000.000.000;;;;;;;;;
8604;;;;;;;"28,82";"28,82";"28,82";;;;34;34;34
8609;;;;;;;;;;;;;"35,22";"35,22";"35,22"
8614;;;;;;;;;;37;37;37;;;
8619;24.259.999.999.999.900;24.259.999.999.999.900;24.259.999.999.999.900;"36,86";"36,86";"36,86";;;;;;;"36,02";"36,02";"36,02"
8620;;;;;;;;;;;;;"35,86";"35,86";"35,86"
8625;;;;;;;;;;38.120.000.000.000.000;38.120.000.000.000.000;38.120.000.000.000.000;;;
8631;;;;;;;"34,12";"34,12";"34,12";;;;;;
8632;26.619.999.999.999.900;26.619.999.999.999.900;26.619.999.999.999.900;;;;;;;;;;;;
8635;;;;;;;;;;;;;"34,04";"34,04";"34,04"
8643;;;;;;;"37,6";"37,6";"37,6";;;;;;
8644;;;;;;;;;;;;;"34,08";"34,08";"34,08"
8647;;;;"33,7";"33,7";"33,7";;;;;;;"26,18";"26,18";"26,18"
8654;;;;;;;;;;;;;"36,38";"36,38";"36,38"
8662;;;;;;;;;;29.880.000.000.000.000;29.880.000.000.000.000;29.880.000.000.000.000;;;
8663;"31,6";"31,6";"31,6";;;;;;;;;;;;
8664;;;;;;;"36,28";"36,28";"36,28";;;;;;
8665;;;;;;;;;;;;;3.532.000.000.000.000;3.532.000.000.000.000;3.532.000.000.000.000
8667;;;;"36,82";"36,82";"36,82";;;;;;;;;
8679;;;;;;;"37,22";"37,22";"37,22";;;;;;
8680;;;;;;;;;;;;;"25,42";"25,42";"25,42"
8681;;;;;;;;;;;;;33.099.999.999.999.900;33.099.999.999.999.900;33.099.999.999.999.900
8685;;;;;;;;;;;;;36.480.000.000.000.000;36.480.000.000.000.000;36.480.000.000.000.000
8694;;;;;;;;;;;;;"28,5";"28,5";"28,5"
8695;25.459.999.999.999.900;25.459.999.999.999.900;25.459.999.999.999.900;;;;;;;;;;;;
8700;;;;;;;;;;34.419.999.999.999.900;34.419.999.999.999.900;34.419.999.999.999.900;;;
8701;;;;;;;;;;;;;"36,18";"36,18";"36,18"
8704;;;;;;;;;;;;;"35,46";"35,46";"35,46"
8705;;;;"31,5";"31,5";"31,5";;;;;;;;;
8707;;;;;;;;;;;;;"35,36";"35,36";"35,36"
8714;;;;;;;;;;;;;"35,58";"35,58";"35,58"
8718;;;;;;;;;;"35,76";"35,76";"35,76";;;
8719;;;;"36,76";"36,76";"36,76";;;;;;;;;
8721;;;;;;;31.119.999.999.999.900;31.119.999.999.999.900;31.119.999.999.999.900;;;;;;
8725;;;;;;;;;;;;;35.400.000.000.000.000;35.400.000.000.000.000;35.400.000.000.000.000
8726;27.400.000.000.000.000;27.400.000.000.000.000;27.400.000.000.000.000;;;;;;;;;;;;
8734;;;;;;;;;;;;;"35,28";"35,28";"35,28"
8735;;;;;;;;;;;;;"33,1";"33,1";"33,1"
8739;;;;;;;;;;;;;"32,08";"32,08";"32,08"
8741;;;;;;;;;;"36,9";"36,9";"36,9";;;
8742;;;;;;;;;;;;;"36,28";"36,28";"36,28"
8748;;;;;;;33.900.000.000.000.000;33.900.000.000.000.000;33.900.000.000.000.000;;;;;;
8753;;;;"34,18";"34,18";"34,18";;;;"36,94";"36,94";"36,94";36.239.999.999.999.900;36.239.999.999.999.900;36.239.999.999.999.900
8755;;;;;;;;;;;;;35.980.000.000.000.000;35.980.000.000.000.000;35.980.000.000.000.000
8759;"27,2";"27,2";"27,2";;;;;;;;;;;;
8765;;;;;;;"36,16";"36,16";"36,16";;;;;;
8774;;;;;;;;;;34.879.999.999.999.900;34.879.999.999.999.900;34.879.999.999.999.900;34.879.999.999.999.900;34.879.999.999.999.900;34.879.999.999.999.900
8775;;;;;;;;;;;;;"31,72";"31,72";"31,72"
8779;;;;;;;;;;;;;"34,2";"34,2";"34,2"
8781;;;;"33,7";"33,7";"33,7";;;;;;;;;
8785;"30,1";"30,1";"30,1";;;;"36,14";"36,14";"36,14";;;;"29,74";"29,74";"29,74"
8787;;;;;;;;;;;;;"37,32";"37,32";"37,32"
8790;;;;;;;;;;37.239.999.999.999.900;37.239.999.999.999.900;37.239.999.999.999.900;;;
8810;;;;;;;"34,98";"34,98";"34,98";;;;;;
8811;;;;"33,82";"33,82";"33,82";;;;;;;;;
8815;;;;;;;;;;"35,36";"35,36";"35,36";"32,06";"32,06";"32,06"
8822;"28,32";"28,32";"28,32";;;;;;;;;;;;
8824;;;;;;;;;;;;;"32,26";"32,26";"32,26"
8826;;;;;;;"37,34";"37,34";"37,34";;;;;;
8830;;;;;;;;;;36.379.999.999.999.900;36.379.999.999.999.900;36.379.999.999.999.900;;;
8835;;;;35;35;35;;;;;;;;;
8837;;;;;;;;;;;;;25.759.999.999.999.900;25.759.999.999.999.900;25.759.999.999.999.900
8839;3.632.000.000.000.000;3.632.000.000.000.000;3.632.000.000.000.000;;;;;;;;;;28.400.000.000.000.000;28.400.000.000.000.000;28.400.000.000.000.000
8845;;;;;;;;;;;;;35.599.999.999.999.900;35.599.999.999.999.900;35.599.999.999.999.900
8848;"24,14";"24,14";"24,14";;;;;;;;;;;;
8851;;;;;;;;;;"36,24";"36,24";"36,24";"37,84";"37,84";"37,84"
8859;;;;"34,26";"34,26";"34,26";;;;;;;;;
8861;;;;;;;;;;;;;36.120.000.000.000.000;36.120.000.000.000.000;36.120.000.000.000.000
8863;;;;;;;;;;;;;"35,06";"35,06";"35,06"
8866;;;;;;;"33,86";"33,86";"33,86";;;;;;
8867;;;;;;;;;;"36,22";"36,22";"36,22";;;
8869;;;;;;;;;;;;;"34,44";"34,44";"34,44"
8875;;;;36.120.000.000.000.000;36.120.000.000.000.000;36.120.000.000.000.000;;;;;;;34.519.999.999.999.900;34.519.999.999.999.900;34.519.999.999.999.900
8879;"34,72";"34,72";"34,72";;;;;;;;;;;;
8883;;;;;;;"36,36";"36,36";"36,36";;;;;;
8885;;;;;;;;;;;;;"35,78";"35,78";"35,78"
8889;;;;;;;;;;;;;"35,72";"35,72";"35,72"
8890;;;;"36,72";"36,72";"36,72";;;;;;;;;
8900;;;;;;;;;;"33,8";"33,8";"33,8";;;
8902;"26,3";"26,3";"26,3";;;;;;;;;;"33,16";"33,16";"33,16"
8910;;;;;;;"35,34";"35,34";"35,34";;;;;;
8912;;;;;;;;;;;;;"34,34";"34,34";"34,34"
8914;;;;;;;;;;37;37;37;;;
8924;33.059.999.999.999.900;33.059.999.999.999.900;33.059.999.999.999.900;;;;;;;;;;;;
8928;;;;;;;36.480.000.000.000.000;36.480.000.000.000.000;36.480.000.000.000.000;;;;;;
8931;;;;31.220.000.000.000.000;31.220.000.000.000.000;31.220.000.000.000.000;;;;;;;"26,42";"26,42";"26,42"
8932;;;;;;;;;;;;;3.293.333.333.333.330;"24,7";"34,58"
8943;;;;;;;;;;"34,3";"34,3";"34,3";;;
8947;;;;;;;;;;;;;35.699.999.999.999.900;35.699.999.999.999.900;35.699.999.999.999.900
8948;;;;;;;;;;;;;"37,08";"37,08";"37,08"
8958;;;;;;;34.480.000.000.000.000;34.480.000.000.000.000;34.480.000.000.000.000;;;;"28,52";"28,52";"28,52"
8961;;;;;;;;;;;;;"37,14";"37,14";"37,14"
8964;;;;;;;;;;;;;"34,22";"34,22";"34,22"
8965;24.939.999.999.999.900;24.939.999.999.999.900;24.939.999.999.999.900;;;;;;;;;;;;
8966;;;;32.379.999.999.999.900;32.379.999.999.999.900;32.379.999.999.999.900;;;;;;;;;
8973;;;;;;;;;;"32,86";"32,86";"32,86";;;
8979;;;;;;;"35,8";"35,8";"35,8";;;;;;
8981;;;;37.519.999.999.999.900;37.519.999.999.999.900;37.519.999.999.999.900;;;;;;;34;34;34
8985;;;;;;;;;;;;;"34,82";"34,82";"34,82"
8987;"28,32";"28,32";"28,32";;;;;;;"37,9";"37,9";"37,9";;;
8993;;;;;;;;;;;;;"34,36";"34,36";"34,36"
8999;;;;;;;;;;"37,84";"37,84";"37,84";;;
9000;;;;;;;34.900.000.000.000.000;34.900.000.000.000.000;34.900.000.000.000.000;;;;;;
9004;;;;35.160.000.000.000.000;35.160.000.000.000.000;35.160.000.000.000.000;;;;;;;"29,84";"29,84";"29,84"
9006;;;;;;;;;;;;;"34,58";"34,58";"34,58"
9018;;;;;;;;;;"36,6";"36,6";"36,6";;;
9021;;;;;;;"35,26";"35,26";"35,26";;;;;;
9025;;;;;;;;;;;;;"36,88";"36,88";"36,88"
9026;;;;"35,56";"35,56";"35,56";;;;;;;;;
9028;"24,6";"24,6";"24,6";;;;;;;;;;;;
9030;;;;;;;;;;;;;29.479.999.999.999.900;29.479.999.999.999.900;29.479.999.999.999.900
9032;;;;;;;;;;;;;"34,58";"34,58";"34,58"
9036;;;;;;;;;;;;;28.740.000.000.000.000;28.740.000.000.000.000;28.740.000.000.000.000
9038;;;;;;;;;;"36,46";"36,46";"36,46";;;
9040;;;;;;;;;;;;;"37,82";"37,82";"37,82"
9046;;;;;;;;;;;;;"35,86";"35,86";"35,86"
9047;;;;"34,92";"34,92";"34,92";;;;;;;;;
9048;;;;;;;"35,1";"35,1";"35,1";;;;;;
9050;24.439.999.999.999.900;24.439.999.999.999.900;24.439.999.999.999.900;;;;;;;"37,1";"37,1";"37,1";;;
9057;;;;;;;;;;;;;"35,8";"35,8";"35,8"
9058;;;;;;;;;;;;;"37,7";"37,7";"37,7"
9067;;;;;;;;;;;;;"33,78";"33,78";"33,78"
9070;;;;;;;"35,44";"35,44";"35,44";;;;;;
9074;;;;33.379.999.999.999.900;33.379.999.999.999.900;33.379.999.999.999.900;;;;;;;;;
9081;;;;;;;;;;"32,36";"32,36";"32,36";36.379.999.999.999.900;36.379.999.999.999.900;36.379.999.999.999.900
9082;;;;;;;;;;;;;"34,04";"34,04";"34,04"
9084;;;;;;;;;;;;;"34,76";"34,76";"34,76"
9088;"31,46";"31,46";"31,46";;;;;;;;;;;;
9092;28;28;28;;;;;;;;;;;;
9094;;;;;;;;;;;;;"28,52";"28,52";"28,52"
9095;;;;;;;;;;;;;37.120.000.000.000.000;37.120.000.000.000.000;37.120.000.000.000.000
9096;;;;;;;;;;;;;"36,7";"36,7";"36,7"
9101;;;;3.331.999.999.999.990;3.331.999.999.999.990;3.331.999.999.999.990;;;;;;;;;
9102;;;;;;;;;;"35,7";"35,7";"35,7";;;
9103;;;;;;;"32,62";"32,62";"32,62";;;;;;
9109;36.120.000.000.000.000;36.120.000.000.000.000;36.120.000.000.000.000;;;;;;;;;;;;
9112;;;;;;;;;;;;;"36,58";"36,58";"36,58"
9120;;;;35.480.000.000.000.000;35.480.000.000.000.000;35.480.000.000.000.000;;;;"36,22";"36,22";"36,22";;;
9127;;;;;;;;;;;;;"31,18";"31,18";"31,18"
9130;;;;;;;;;;;;;"30,06";"30,06";"30,06"
9134;;;;;;;;;;;;;27.060.000.000.000.000;27.060.000.000.000.000;27.060.000.000.000.000
9135;;;;;;;34.019.999.999.999.900;34.019.999.999.999.900;34.019.999.999.999.900;;;;;;
9136;;;;;;;;;;;;;"34,46";"34,46";"34,46"
9139;;;;;;;;;;35.419.999.999.999.900;35.419.999.999.999.900;35.419.999.999.999.900;;;
9142;;;;"34,74";"34,74";"34,74";;;;;;;;;
9145;"32,4";"32,4";"32,4";;;;;;;;;;;;
9152;;;;;;;"36,7";"36,7";"36,7";;;;;;
9155;26.580.000.000.000.000;26.580.000.000.000.000;26.580.000.000.000.000;;;;;;;;;;;;
9156;;;;;;;;;;;;;"34,74";"34,74";"34,74"
9158;;;;;;;;;;;;;"34,6";"34,6";"34,6"
9159;;;;;;;;;;;;;35.120.000.000.000.000;35.120.000.000.000.000;35.120.000.000.000.000
9167;;;;;;;"36,7";"36,7";"36,7";"33,66";"33,66";"33,66";;;
9170;;;;"33,22";"33,22";"33,22";;;;;;;30.860.000.000.000.000;30.860.000.000.000.000;30.860.000.000.000.000
9182;;;;;;;;;;"37,3";"37,3";"37,3";;;
9184;;;;;;;;;;;;;"33,76";"33,76";"33,76"
9185;"32,12";"32,12";"32,12";;;;;;;;;;;;
9187;;;;;;;"35,32";"35,32";"35,32";;;;;;
9189;;;;3.632.000.000.000.000;3.632.000.000.000.000;3.632.000.000.000.000;;;;;;;;;
9194;;;;;;;;;;;;;"30,76";"30,76";"30,76"
9195;;;;;;;;;;;;;34.239.999.999.999.900;34.239.999.999.999.900;34.239.999.999.999.900
9203;;;;;;;;;;;;;30.259.999.999.999.900;30.259.999.999.999.900;30.259.999.999.999.900
9209;;;;;;;;;;;;;"34,7";"34,7";"34,7"
9211;;;;;;;;;;;;;"35,48";"35,48";"35,48"
9212;;;;;;;;;;"34,62";"34,62";"34,62";;;
9215;;;;;;;;;;;;;"35,78";"35,78";"35,78"
9218;23.159.999.999.999.900;23.159.999.999.999.900;23.159.999.999.999.900;;;;;;;;;;;;
9220;;;;;;;31.700.000.000.000.000;31.700.000.000.000.000;31.700.000.000.000.000;;;;;;
9223;;;;"31,46";"31,46";"31,46";;;;;;;;;
9226;;;;;;;;;;;;;"34,28";"34,28";"34,28"
9233;;;;;;;;;;34.839.999.999.999.900;34.839.999.999.999.900;34.839.999.999.999.900;;;
9234;;;;;;;;;;;;;"36,26";"36,26";"36,26"
9238;;;;"36,98";"36,98";"36,98";;;;;;;"33,68";"33,68";"33,68"
9242;;;;;;;;;;;;;"36,4";"36,4";"36,4"
9247;;;;;;;33.760.000.000.000.000;33.760.000.000.000.000;33.760.000.000.000.000;;;;;;
9249;25.759.999.999.999.900;25.759.999.999.999.900;25.759.999.999.999.900;;;;;;;;;;"37,42";"37,42";"37,42"
9250;;;;;;;;;;;;;"33,8";"33,8";"33,8"
9251;;;;;;;;;;;;;"35,82";"35,82";"35,82"
9252;;;;;;;;;;"34,6";"34,6";"34,6";;;
9253;;;;36.480.000.000.000.000;36.480.000.000.000.000;36.480.000.000.000.000;;;;;;;;;
9266;;;;;;;"35,36";"35,36";"35,36";;;;"37,16";"37,16";"37,16"
9267;;;;;;;;;;;;;"34,86";"34,86";"34,86"
9271;;;;;;;;;;"36,64";"36,64";"36,64";;;
9272;;;;;;;;;;;;;"35,68";"35,68";"35,68"
9278;;;;"33,94";"33,94";"33,94";;;;;;;38;38;38
9281;24.340.000.000.000.000;24.340.000.000.000.000;24.340.000.000.000.000;;;;;;;;;;;;
9283;;;;;;;;;;;;;"30,14";"30,14";"30,14"
9292;;;;;;;;;;;;;35;35;35
9294;;;;;;;34.379.999.999.999.900;34.379.999.999.999.900;34.379.999.999.999.900;;;;;;
9298;;;;;;;;;;;;;35.800.000.000.000.000;35.800.000.000.000.000;35.800.000.000.000.000
9300;;;;;;;;;;"33,58";"33,58";"33,58";;;
9307;;;;32.540.000.000.000.000;32.540.000.000.000.000;32.540.000.000.000.000;;;;;;;"33,72";"32,48";"34,96"
9312;"19,84";"19,84";"19,84";;;;;;;;;;;;
9316;;;;;;;;;;;;;"34,22";"34,22";"34,22"
9318;;;;;;;"35,58";"35,58";"35,58";;;;;;
9325;;;;;;;;;;;;;35.599.999.999.999.900;35.599.999.999.999.900;35.599.999.999.999.900
9327;;;;36.239.999.999.999.900;36.239.999.999.999.900;36.239.999.999.999.900;;;;;;;;;
9331;;;;;;;;;;;;;"35,88";"35,88";"35,88"
9333;;;;;;;;;;"34,36";"34,36";"34,36";;;
9335;;;;;;;;;;;;;"33,2";"33,2";"33,2"
9339;;;;;;;;;;;;;"37,5";"37,5";"37,5"
9340;;;;;;;;;;;;;"35,32";"35,32";"35,32"
9344;;;;;;;;;;"37,86";"37,86";"37,86";;;
9345;26.919.999.999.999.900;26.919.999.999.999.900;26.919.999.999.999.900;"36,36";"36,36";"36,36";;;;;;;;;
9354;;;;;;;;;;;;;"36,94";"36,94";"36,94"
9361;;;;35.739.999.999.999.900;35.739.999.999.999.900;35.739.999.999.999.900;;;;;;;;;
9364;;;;;;;;;;"35,58";"35,58";"35,58";;;
9375;26;26;26;;;;;;;;;;;;
9376;;;;;;;;;;;;;35.459.999.999.999.900;35.459.999.999.999.900;35.459.999.999.999.900
9377;;;;;;;;;;;;;31.119.999.999.999.900;31.119.999.999.999.900;31.119.999.999.999.900
9379;;;;"35,46";"35,46";"35,46";;;;;;;;;
9381;;;;;;;"24,16";"24,16";"24,16";;;;;;
9387;;;;;;;;;;"34,66";"34,66";"34,66";;;
9388;;;;;;;;;;;;;29.119.999.999.999.900;29.119.999.999.999.900;29.119.999.999.999.900
9395;;;;;;;;;;;;;"34,36";"34,36";"34,36"
9396;;;;;;;;;;"37,94";"37,94";"37,94";;;
9398;;;;;;;;;;;;;"17,84";"17,84";"17,84"
9408;25.060.000.000.000.000;25.060.000.000.000.000;25.060.000.000.000.000;;;;;;;;;;;;
9410;;;;;;;;;;;;;34.379.999.999.999.900;34.379.999.999.999.900;34.379.999.999.999.900
9414;"32,46";"32,46";"32,46";;;;;;;;;;31.799.999.999.999.900;31.799.999.999.999.900;31.799.999.999.999.900
9418;;;;;;;"34,58";"34,58";"34,58";;;;"35,2";"35,2";"35,2"
9420;;;;"27,86";"27,86";"27,86";;;;;;;;;
9425;;;;;;;;;;"33,96";"33,96";"33,96";;;
9426;;;;;;;;;;;;;"37,6";"37,6";"37,6"
9434;35.760.000.000.000.000;35.760.000.000.000.000;35.760.000.000.000.000;;;;;;;;;;;;
9442;;;;;;;;;;;;;"34,96";"34,96";"34,96"
9444;;;;"34,94";"34,94";"34,94";;;;;;;;;
9455;;;;;;;"33,7";"33,7";"33,7";;;;;;
9458;;;;;;;;;;;;;"30,78";"30,78";"30,78"
9462;;;;;;;;;;;;;"23,8";"23,8";"23,8"
9464;;;;;;;;;;;;;30.880.000.000.000.000;"30,88";"30,88"
9465;"33,86";"33,86";"33,86";;;;;;;"31,54";"31,54";"31,54";;;
9467;;;;"34,88";"34,88";"34,88";;;;;;;;;
9471;"25,64";"25,64";"25,64";;;;;;;;;;;;
9474;;;;;;;;;;;;;37.059.999.999.999.900;37.059.999.999.999.900;37.059.999.999.999.900
9476;;;;;;;;;;;;;"32,3";"32,3";"32,3"
9478;;;;;;;"36,62";"36,62";"36,62";;;;;;
9483;;;;"35,42";"35,42";"35,42";;;;;;;;;
9489;"34,22";"34,22";"34,22";;;;;;;;;;;;
9495;;;;;;;;;;"34,3";"34,3";"34,3";;;
9497;;;;;;;;;;;;;34.620.000.000.000.000;34.620.000.000.000.000;34.620.000.000.000.000
9499;;;;;;;;;;;;;"32,78";"32,78";"32,78"
9502;;;;;;;"36,32";"36,32";"36,32";;;;;;
9507;;;;;;;;;;;;;"33,24";"33,24";"33,24"
9509;;;;;;;;;;"37,34";"37,34";"37,34";;;
9518;;;;;;;;;;;;;"34,9";"34,9";"34,9"
9519;;;;"32,04";"32,04";"32,04";;;;;;;"37,46";"37,46";"37,46"
9521;;;;;;;;;;;;;"35,3";"35,3";"35,3"
9525;;;;;;;;;;;;;21.480.000.000.000.000;21.480.000.000.000.000;21.480.000.000.000.000
9530;;;;;;;;;;"36,04";"36,04";"36,04";;;
9534;32;32;32;;;;;;;;;;;;
9537;;;;;;;;;;;;;"35,72";"35,72";"35,72"
9541;;;;;;;;;;;;;"35,6";"35,6";"35,6"
9545;;;;;;;"33,82";"33,82";"33,82";"37,56";"37,56";"37,56";;;
9546;;;;;;;;;;;;;"33,18";"33,18";"33,18"
9547;;;;"33,54";"33,54";"33,54";;;;;;;;;
9549;;;;;;;;;;;;;"35,64";"35,64";"35,64"
9553;"22,36";"22,36";"22,36";;;;;;;;;;;;
9557;;;;;;;"37,32";"37,32";"37,32";;;;"35,78";"35,78";"35,78"
9559;;;;;;;;;;;;;"37,3";"37,3";"37,3"
9564;;;;;;;;;;;;;37.099.999.999.999.900;37.099.999.999.999.900;37.099.999.999.999.900
9568;;;;;;;;;;"36,02";"36,02";"36,02";;;
9570;;;;;;;;;;;;;"37,5";"37,5";"37,5"
9573;;;;;;;;;;;;;"36,54";"36,54";"36,54"
9580;;;;;;;;;;"37,56";"37,56";"37,56";;;
9584;"32,8";"32,8";"32,8";"32,14";"32,14";"32,14";;;;;;;;;
9587;;;;;;;"35,86";"35,86";"35,86";;;;"36,62";"36,62";"36,62"
9589;;;;;;;;;;;;;3.518.000.000.000.000;3.518.000.000.000.000;3.518.000.000.000.000
9592;;;;;;;;;;;;;"35,88";"35,88";"35,88"
9597;25.840.000.000.000.000;25.840.000.000.000.000;25.840.000.000.000.000;;;;;;;;;;;;
9602;;;;;;;;;;"36,62";"36,62";"36,62";;;
9610;;;;;;;;;;;;;37;37;37
9612;;;;;;;;;;;;;30.049.999.999.999.900;"25,42";3.467.999.999.999.990
9613;;;;"32,68";"32,68";"32,68";;;;;;;;;
9615;;;;;;;"36,12";"36,12";"36,12";;;;;;
9617;;;;;;;;;;"36,78";"36,78";"36,78";;;
9618;;;;;;;;;;;;;"34,2";"34,2";"34,2"
9623;31.040.000.000.000.000;31.040.000.000.000.000;31.040.000.000.000.000;;;;;;;;;;;;
9634;;;;;;;"36,84";"36,84";"36,84";;;;;;
9637;;;;;;;;;;"36,42";"36,42";"36,42";;;
9638;;;;;;;;;;;;;33.459.999.999.999.900;33.459.999.999.999.900;33.459.999.999.999.900
9641;"35,78";"35,78";"35,78";;;;;;;;;;;;
9644;;;;"31,4";"31,4";"31,4";;;;;;;;;
9653;;;;;;;;;;;;;"27,44";"27,44";"27,44"
9659;35.980.000.000.000.000;35.980.000.000.000.000;35.980.000.000.000.000;;;;;;;;;;;;
9660;"26,82";"26,82";"26,82";"35,84";"35,84";"35,84";;;;;;;;;
9662;;;;;;;;;;"34,74";"34,74";"34,74";;;
9669;;;;;;;"34,08";"34,08";"34,08";;;;;;
9674;37.339.999.999.999.900;37.339.999.999.999.900;37.339.999.999.999.900;;;;;;;"37,5";"37,5";"37,5";;;
9675;;;;;;;;;;;;;12.379.999.999.999.900;12.379.999.999.999.900;12.379.999.999.999.900
9681;;;;;;;;;;;;;24.979.999.999.999.900;24.979.999.999.999.900;24.979.999.999.999.900
9683;;;;;;;;;;;;;"29,08";"29,08";"29,08"
9686;"37,54";"37,54";"37,54";;;;;;;;;;;;
9689;;;;;;;;;;;;;"31,38";"31,38";"31,38"
9692;;;;;;;;;;;;;"38,18";"38,18";"38,18"
9696;;;;;;;"34,22";"34,22";"34,22";;;;;;
9700;;;;;;;;;;;;;"36,4";"36,4";"36,4"
9701;"36,38";"36,38";"36,38";;;;;;;;;;;;
9706;;;;28.659.999.999.999.900;28.659.999.999.999.900;28.659.999.999.999.900;;;;;;;;;
9712;;;;;;;;;;;;;"33,3";"32,18";34.419.999.999.999.900
9714;;;;;;;;;;"35,06";"35,06";"35,06";;;
9718;;;;;;;;;;;;;"34,54";"34,54";"34,54"
9723;26.060.000.000.000.000;26.060.000.000.000.000;26.060.000.000.000.000;;;;;;;;;;;;
9725;;;;;;;;;;;;;"37,26";"37,26";"37,26"
9727;;;;;;;;;;37.980.000.000.000.000;37.980.000.000.000.000;37.980.000.000.000.000;;;
9732;;;;;;;"33,46";"33,46";"33,46";;;;;;
9742;;;;;;;;;;;;;29.139.999.999.999.900;"29,14";"29,14"
9746;;;;;;;;;;"35,8";"35,8";"35,8";"32,4";"32,4";"32,4"
9751;29.979.999.999.999.900;29.979.999.999.999.900;29.979.999.999.999.900;;;;;;;;;;;;
9754;;;;"29,44";"29,44";"29,44";;;;;;;;;
9757;;;;;;;;;;;;;"30,82";"30,82";"30,82"
9768;;;;;;;;;;;;;35.480.000.000.000.000;35.480.000.000.000.000;35.480.000.000.000.000
9770;;;;;;;"34,4";"34,4";"34,4";;;;;;
9773;;;;;;;;;;;;;31.639.999.999.999.900;31.639.999.999.999.900;31.639.999.999.999.900
9781;;;;"33,14";"33,14";"33,14";;;;;;;;;
9782;;;;;;;;;;33;33;33;;;
9787;"27,08";"27,08";"27,08";;;;;;;;;;;;
9789;;;;;;;;;;38.519.999.999.999.900;38.519.999.999.999.900;38.519.999.999.999.900;;;
9790;;;;;;;"35,7";"35,7";"35,7";;;;;;
9792;;;;;;;;;;;;;"33,38";"33,38";"33,38"
9795;;;;;;;;;;;;;28.800.000.000.000.000;28.800.000.000.000.000;28.800.000.000.000.000
9796;"31,64";"31,64";"31,64";;;;;;;;;;;;
9809;;;;33.019.999.999.999.900;33.019.999.999.999.900;33.019.999.999.999.900;;;;;;;;;
9811;;;;;;;;;;;;;"27,9";"27,9";"27,9"
9816;"34,92";"34,92";"34,92";;;;;;;;;;;;
9819;;;;;;;"33,16";"33,16";"33,16";"33,44";"33,44";"33,44";;;
9826;;;;;;;;;;;;;"33,76";"33,76";"33,76"
9827;;;;;;;;;;;;;"29,46";"29,46";"29,46"
9832;"36,32";"36,32";"36,32";;;;;;;;;;;;
9836;;;;;;;"36,5";"36,5";"36,5";;;;29.240.000.000.000.000;29.240.000.000.000.000;29.240.000.000.000.000
9844;;;;;;;;;;"34,4";"34,4";"34,4";;;
9849;;;;;;;;;;;;;35.620.000.000.000.000;35.620.000.000.000.000;35.620.000.000.000.000
9850;"28,84";"28,84";"28,84";;;;;;;;;;;;
9852;;;;31.759.999.999.999.900;31.759.999.999.999.900;31.759.999.999.999.900;;;;;;;;;
9855;"35,34";"35,34";"35,34";;;;;;;;;;;;
9859;;;;;;;"36,58";"36,58";"36,58";;;;;;
9861;;;;;;;;;;;;;26.139.999.999.999.900;26.139.999.999.999.900;26.139.999.999.999.900
9863;;;;;;;;;;;;;"31,24";"31,24";"31,24"
9869;;;;"35,8";"35,8";"35,8";;;;;;;;;
9878;;;;;;;;;;"33,5";"33,5";"33,5";;;
9883;"32,68";"32,68";"32,68";;;;;;;;;;;;
9886;;;;;;;;;;;;;33.160.000.000.000.000;33.160.000.000.000.000;33.160.000.000.000.000
9887;;;;;;;;;;;;;"31,22";"31,22";"31,22"
9889;;;;;;;;;;;;;"35,02";"35,02";"35,02"
9891;;;;;;;;;;"36,92";"36,92";"36,92";;;
9894;;;;;;;"33,82";"33,82";"33,82";;;;;;
9899;;;;;;;;;;;;;"25,04";"25,04";"25,04"
9903;;;;;;;;;;;;;"36,5";"36,5";"36,5"
9912;;;;"27,8";"27,8";"27,8";;;;;;;;;
9913;"27,06";"27,06";"27,06";;;;;;;;;;"37,56";"37,56";"37,56"
9915;;;;;;;;;;"36,56";"36,56";"36,56";;;
9918;;;;;;;"33,9";"33,9";"33,9";;;;;;
9924;;;;38;38;38;;;;;;;;;
9926;;;;;;;;;;;;;"32,04";"32,04";"32,04"
9931;;;;;;;;;;;;;31;"31,36";"31,36"
9933;"28,36";"28,36";"28,36";;;;;;;;;;;;
9935;;;;;;;;;;"35,56";"35,56";"35,56";;;
9938;;;;"36,44";"36,44";"36,44";;;;;;;"37,86";"37,86";"37,86"
9945;;;;;;;"36,2";"36,2";"36,2";;;;;;
9954;;;;37;37;37;;;;;;;;;
9955;;;;;;;;;;;;;"37,32";"37,32";"37,32"
9959;;;;;;;;;;"36,02";"36,02";"36,02";;;
9960;"35,74";"35,74";"35,74";;;;;;;;;;;;
9962;;;;;;;;;;;;;"17,4";"17,4";"17,4"
9969;;;;37;37;37;;;;;;;;;
9973;;;;;;;33;33;33;;;;;;
9976;"26,96";"26,96";"26,96";;;;;;;;;;;;
9977;"36,92";"36,92";"36,92";;;;;;;;;;"5,78";"5,78";"5,78"
9982;;;;;;;;;;;;;"31,24";"31,24";"31,24"
9985;;;;;;;;;;"34,46";"34,46";"34,46";;;
9996;;;;;;;;;;38;38;38;37;37;3.652
9997;;;;;;;;;;;;;"28,68";"28,68";"28,68"
9999;;;;"32,4";"32,4";"32,4";;;;;;;;;
Step;name: no_q_coord - Train/train_Tot_reward;name: no_q_coord - Train/train_Tot_reward__MIN;name: no_q_coord - Train/train_Tot_reward__MAX;name: no_coord_w - Train/train_Tot_reward;name: no_coord_w - Train/train_Tot_reward__MIN;name: no_coord_w - Train/train_Tot_reward__MAX;name: inverse_mask - Train/train_Tot_reward;name: inverse_mask - Train/train_Tot_reward__MIN;name: inverse_mask - Train/train_Tot_reward__MAX;name: true_mask - Train/train_Tot_reward;name: true_mask - Train/train_Tot_reward__MIN;name: true_mask - Train/train_Tot_reward__MAX;name: eval - Train/train_Tot_reward;name: eval - Train/train_Tot_reward__MIN;name: eval - Train/train_Tot_reward__MAX
"9972,692308";"33,20666667";"33,20666667";"33,20666667";"37,13";"37,13";"37,13";"32,98";"32,98";"32,98";"36,08666667";"36,08666667";"36,08666667";"37,86";"26,15666667";"628,7366667"
;9tqasatm;;;r1jcxb2j;;;y0xbnmol;;;hz16xcy9;;;m2v5ucx8;;
